Player,Team,Team within selected timeframe,Main Position,Position,League,Age,Market value,Contract expires,On loan,Minutes played,Shot Stopping Att,Aerial Att,Sweeping Att,Short Dist Att,Long Dist Att,GK Rating,Prevented goals per 90,"Save rate, %",Shots against per 90,"Aerial duels won, %",Aerial duels per 90,Exits per 90,PAdj Interceptions,"Accurate short / medium passes, %",Short / medium passes per 90,"Average pass length, m","Accurate long passes, %",Long passes per 90,"Average long pass length, m"
A. Bass,Peterborough United,Peterborough United,GK,GK,England League One 2025-26,28.0,275000,30/06/2028,no,3393,86.75,84.35,98.58,84.44,51.76,100.0,0.193,74.12,4.51,89.47,0.5,2.39,3.85,97.08,28.2,31.17,56.03,14.96,49.37
J. Chapman,Crawley Town,Crawley Town,GK,GK,England League Two 2025-26,25.0,100000,30/06/2027,yes,1694,84.8,86.55,71.66,71.4,74.07,97.29,0.167,74.29,3.72,100.0,0.32,1.91,3.17,97.97,18.33,36.95,58.72,18.28,50.3
G. Smith,Bromley,Bromley,GK,GK,England League Two 2025-26,32.0,0,30/06/2026,no,4005,100.0,84.15,26.77,15.09,71.07,87.68,0.274,77.91,3.87,90.48,0.47,1.26,1.75,95.5,2.49,50.14,66.67,12.74,54.39
M. Hudson,Oldham Athletic,Oldham Athletic,GK,GK,England League Two 2025-26,27.0,0,30/06/2028,no,4207,80.7,81.15,57.59,50.95,82.04,87.61,0.083,76.16,3.23,84.0,0.53,1.63,2.87,98.43,6.82,45.32,68.06,14.33,54.9
J. Smith,Grimsby Town,Grimsby Town,GK,GK,England League Two 2025-26,24.0,200000,30/06/2028,yes,2133,81.07,78.95,54.32,58.89,72.46,85.79,0.132,73.85,2.74,78.57,0.59,1.56,2.81,97.78,13.29,36.74,67.45,12.57,52.34
J. Whitworth,Exeter City,Exeter City,GK,GK,England League One 2025-26,22.0,1000000,30/06/2027,yes,3894,62.88,81.32,53.85,100.0,79.31,84.51,0.055,66.88,3.63,88.89,0.42,1.64,2.63,98.99,27.37,29.49,68.88,13.22,49.74
M. Young,Salford City,Salford City,GK,GK,England League Two 2025-26,19.0,0,30/06/2028,no,4077,68.14,86.87,91.34,28.24,75.56,84.48,0.051,70.25,3.49,100.0,0.33,1.96,4.24,95.89,6.98,47.43,63.52,15.67,55.95
S. Waller,Harrogate Town,Harrogate Town,GK,GK,England League Two 2025-26,22.0,0,30/06/2026,no,528,86.96,87.2,23.4,62.06,39.08,83.9,0.159,76.0,4.26,100.0,0.34,1.36,1.36,98.53,11.59,37.6,63.04,7.84,52.78
H. Gray,Harrogate Town,Harrogate Town,GK,GK,England League Two 2025-26,21.0,0,30/06/2026,yes,1677,71.57,87.12,59.28,55.67,62.27,83.67,0.075,71.08,4.45,84.62,0.7,2.15,1.98,97.75,11.91,35.9,70.78,8.26,49.95
L. McGee,Tranmere Rovers,Tranmere Rovers,GK,GK,England League Two 2025-26,30.0,200000,30/06/2027,no,499,66.14,87.84,45.23,59.26,86.27,83.19,0.097,66.67,2.16,100.0,0.36,1.44,2.5,98.36,11.0,43.52,69.14,14.61,56.04
C. Slicker,Barnet,Barnet,GK,GK,England League Two 2025-26,23.0,300000,30/06/2028,yes,3906,61.62,86.71,81.31,50.18,78.41,83.09,-0.003,69.12,3.13,91.3,0.53,1.27,4.96,97.53,10.28,42.6,60.95,17.88,52.84
J. Gauci,Port Vale,Port Vale,GK,GK,England League One 2025-26,25.0,1500000,30/06/2028,yes,2701,65.55,92.37,75.69,55.74,32.91,81.15,0.024,70.09,3.57,100.0,0.5,2.13,2.99,97.76,11.9,34.76,58.04,9.53,48.2
C. Ripley,Swindon Town,Swindon Town,GK,GK,England League Two 2025-26,33.0,225000,30/06/2027,no,4314,58.75,86.42,61.94,60.03,86.97,81.14,-0.05,69.82,3.53,86.67,0.63,2.07,2.29,97.34,15.69,39.21,65.56,16.96,53.26
W. Stanway,Barrow,Barrow,GK,GK,England League Two 2025-26,24.0,0,30/06/2026,no,3825,46.72,100.0,100.0,17.66,80.08,80.21,-0.163,68.42,4.47,88.37,1.01,2.87,3.02,94.18,9.29,39.38,70.53,12.38,50.89
M. Aidan Cox,Shrewsbury Town,Shrewsbury Town,GK,GK,England League Two 2025-26,22.0,800000,30/06/2028,yes,1601,74.86,84.23,55.21,19.47,68.62,78.41,0.063,73.68,4.27,88.89,0.51,1.74,2.52,95.19,5.85,44.84,65.37,12.99,54.76
C. MacGillivray,Milton Keynes Dons,Milton Keynes Dons,GK,GK,England League Two 2025-26,33.0,225000,30/06/2026,no,4159,66.62,88.45,48.81,62.74,43.94,78.1,-0.011,72.54,3.07,92.31,0.56,1.73,2.16,99.26,8.81,39.29,60.89,10.24,52.91
T. Sharman-Lowe,Chelsea,Bolton Wanderers,GK,GK,England League One 2025-26,22.0,300000,30/06/2028,no,2177,48.66,83.83,94.47,95.9,38.75,77.23,-0.026,62.5,2.32,90.91,0.45,1.49,5.32,98.88,25.92,28.21,61.01,9.01,53.26
O. Wright,Accrington Stanley,Accrington Stanley,GK,GK,England League Two 2025-26,23.0,0,30/06/2026,no,3880,66.54,88.81,42.18,48.07,49.72,75.75,-0.003,72.08,3.57,100.0,0.39,1.86,1.52,97.9,7.72,41.12,60.59,11.71,52.13
J. Day,Cheltenham Town,Cheltenham Town,GK,GK,England League Two 2025-26,35.0,100000,30/06/2027,no,4043,54.26,96.05,47.34,55.48,51.75,75.27,-0.057,67.48,4.59,96.77,0.69,1.8,1.94,98.08,10.42,39.65,63.58,10.33,54.24
G. Morris,Gillingham,Gillingham,GK,GK,England League Two 2025-26,42.0,50000,30/06/2026,no,2595,56.85,77.76,55.67,61.51,83.33,73.8,-0.047,68.52,3.75,88.89,0.31,1.46,3.08,99.19,8.53,39.07,68.43,14.39,49.28
R. Fitzsimons,Northampton Town,Northampton Town,GK,GK,England League One 2025-26,31.0,0,30/06/2027,no,2574,66.5,77.76,54.19,44.27,66.75,73.56,0.059,68.85,4.27,88.89,0.31,1.64,2.65,98.04,5.35,47.53,60.22,15.73,54.25
J. Bonham,Bolton Wanderers,Bolton Wanderers,GK,GK,England League One 2025-26,32.0,500000,30/06/2027,no,1708,50.52,86.55,53.27,75.45,56.84,72.78,-0.095,67.19,3.37,100.0,0.32,1.69,2.5,97.93,20.39,32.77,61.22,12.91,52.18
B. Collins,Burton Albion,Burton Albion,GK,GK,England League One 2025-26,29.0,1200000,30/06/2026,yes,3601,71.59,81.7,28.44,43.28,56.67,72.72,0.105,69.54,3.77,100.0,0.17,1.27,1.83,96.8,10.15,40.43,63.54,11.45,54.22
F. Marschall,Stevenage,Stevenage,GK,GK,England League One 2025-26,22.0,800000,,no,3792,57.97,91.46,51.01,40.39,50.36,72.69,0.008,66.35,2.47,95.83,0.57,1.83,2.1,97.38,6.34,43.67,57.51,13.74,52.41
J. Eastwood,Cambridge United,Cambridge United,GK,GK,England League Two 2025-26,29.0,100000,30/06/2026,no,4109,71.94,86.62,59.25,29.95,20.23,72.64,0.065,71.82,2.41,95.0,0.44,1.75,2.74,95.69,8.63,42.92,53.76,9.33,59.13
I. Lawlor,Crewe Alexandra,Crewe Alexandra,GK,GK,England League Two 2025-26,31.0,75000,30/06/2027,no,1874,69.5,88.61,23.49,45.31,31.81,70.95,0.08,69.57,3.31,91.67,0.58,1.2,1.67,96.88,10.76,39.02,59.32,8.5,55.79
B. Young,Bristol Rovers,Bristol Rovers,GK,GK,England League Two 2025-26,23.0,0,30/06/2027,no,2109,67.99,71.56,70.74,30.92,63.25,70.84,0.103,67.47,3.54,77.78,0.38,1.54,3.82,96.23,6.79,45.34,59.83,15.19,54.77
H. Davies,Crawley Town,Crawley Town,GK,GK,England League Two 2025-26,22.0,500000,31/05/2026,yes,1708,30.29,88.03,92.71,78.15,68.11,70.8,-0.268,63.95,4.53,90.91,0.58,2.16,3.94,98.6,18.81,33.83,61.97,14.96,52.23
C. Hazard,Plymouth Argyle,Plymouth Argyle,GK,GK,England League One 2025-26,28.0,1000000,30/06/2026,no,2414,65.03,85.9,34.35,46.93,38.61,70.01,-0.008,71.43,3.39,100.0,0.3,1.27,2.18,97.31,9.69,38.95,58.51,10.51,53.57
Z. Hemming,Chesterfield,Chesterfield,GK,GK,England League Two 2025-26,26.0,500000,30/06/2028,no,3777,43.5,95.89,56.93,57.33,46.02,70.0,-0.113,63.89,3.43,96.55,0.69,1.72,2.66,97.86,12.22,42.26,55.77,13.84,56.77
S. Tickle,Wigan Athletic,Wigan Athletic,GK,GK,England League One 2025-26,24.0,800000,30/06/2028,no,4143,68.47,75.7,42.11,58.05,42.11,69.8,0.098,68.02,3.74,90.0,0.22,1.8,1.63,98.47,9.97,39.51,58.79,11.12,54.68
M. Roberts,Walsall,Walsall,GK,GK,England League Two 2025-26,24.0,0,30/06/2026,yes,3840,72.03,82.46,43.75,36.68,18.92,68.7,0.094,70.37,3.16,81.48,0.63,1.62,2.07,97.56,3.84,46.27,54.93,8.32,55.98
C. Dawson,Rotherham United,Rotherham United,GK,GK,England League One 2025-26,30.0,500000,30/06/2026,no,3091,52.59,77.95,55.99,54.71,71.16,68.48,-0.079,67.61,4.13,78.95,0.55,1.78,2.49,99.03,6.03,44.63,64.4,14.15,53.08
B. Peacock-Farrell,Blackpool,Blackpool,GK,GK,England League One 2025-26,29.0,1200000,30/06/2026,no,3735,56.45,81.64,33.03,63.65,54.67,67.83,-0.005,66.11,4.34,88.89,0.43,1.25,2.14,97.62,16.19,39.05,56.76,15.16,55.06
J. Belshaw,Notts County,Notts County,GK,GK,England League Two 2025-26,35.0,100000,30/06/2027,no,4067,54.92,85.12,22.13,55.7,65.72,67.67,-0.041,67.05,3.89,90.91,0.49,1.31,1.38,98.35,9.38,39.83,62.62,14.03,51.39
K. Roos,Kilmarnock,Notts County,GK,GK,England League Two 2025-26,33.0,500000,30/06/2027,yes,2403,61.34,85.9,46.43,45.65,26.24,67.66,-0.005,69.05,3.15,100.0,0.3,1.84,1.81,96.46,12.7,37.88,49.17,13.48,52.93
L. Burge,Northampton Town,Northampton Town,GK,GK,England League One 2025-26,33.0,125000,30/06/2026,no,1476,58.75,80.08,41.57,57.0,44.82,66.96,-0.008,67.65,4.15,100.0,0.12,1.4,2.36,98.62,8.84,40.08,60.0,10.98,54.87
M. Macey,Colchester United,Colchester United,GK,GK,England League Two 2025-26,31.0,250000,30/06/2026,no,3963,59.75,73.58,67.78,63.8,27.62,66.4,-0.027,69.23,3.25,76.19,0.48,2.32,2.16,98.53,12.4,34.34,60.0,7.15,56.1
B. Hinchliffe,Stockport County,Stockport County,GK,GK,England League One 2025-26,37.0,100000,30/06/2026,no,2509,46.35,86.55,44.51,55.57,59.56,66.23,-0.155,67.78,3.23,100.0,0.32,1.15,3.01,97.35,13.56,37.79,61.62,13.27,55.05
G. Wickens,Lincoln City,Lincoln City,GK,GK,England League One 2025-26,24.0,150000,30/06/2028,no,4087,65.31,67.97,28.98,35.25,89.44,65.48,-0.02,72.22,2.77,72.22,0.4,1.56,1.31,96.33,8.39,45.85,66.54,16.91,54.96
N. Trott,Cardiff City,Cardiff City,GK,GK,England League One 2025-26,27.0,1000000,30/06/2028,yes,3801,64.48,77.69,15.22,66.32,34.69,64.45,0.027,69.29,3.01,86.67,0.36,1.09,1.39,97.94,16.08,33.26,57.51,10.25,50.39
N. Bishop,AFC Wimbledon,AFC Wimbledon,GK,GK,England League One 2025-26,26.0,300000,30/06/2028,no,3444,37.08,85.4,50.51,53.33,81.29,64.45,-0.202,64.63,3.84,90.0,0.52,1.83,2.07,98.39,8.1,41.96,68.62,13.82,52.98
Joel Pereira,Reading,Reading,GK,GK,England League One 2025-26,29.0,250000,30/06/2028,no,4022,47.33,80.67,43.24,79.35,40.78,64.06,-0.13,67.08,3.6,88.89,0.4,1.83,1.64,98.52,19.71,32.24,56.77,12.06,51.65
M. van Sas,Wycombe Wanderers,Wycombe Wanderers,GK,GK,England League One 2025-26,22.0,400000,30/06/2028,no,1095,36.34,78.49,50.99,92.96,64.98,63.97,-0.265,67.44,3.53,75.0,0.66,2.05,1.68,99.28,22.85,30.46,66.2,11.67,47.89
L. Roberts,Mansfield Town,Mansfield Town,GK,GK,England League One 2025-26,31.0,250000,30/06/2027,no,3557,68.9,71.13,34.92,53.09,30.66,63.64,0.039,71.33,3.62,85.71,0.18,1.34,2.08,97.35,12.4,36.64,56.88,9.74,51.25
W. Brook,Shrewsbury Town,Shrewsbury Town,GK,GK,England League Two 2025-26,22.0,0,30/06/2028,no,1791,34.0,97.22,45.36,44.63,58.84,63.53,-0.164,60.81,3.72,100.0,0.65,1.46,2.47,97.47,7.94,43.07,61.36,13.27,51.95
W. Norris,Wycombe Wanderers,Wycombe Wanderers,GK,GK,England League One 2025-26,32.0,400000,30/06/2026,no,3218,44.58,67.36,66.04,75.59,70.16,62.8,-0.104,64.08,2.88,77.78,0.25,2.04,2.59,98.46,18.21,35.16,62.16,15.3,51.4
M. Cooper,Sheffield Wednesday,Barnsley,GK,GK,England League One 2025-26,24.0,0,31/05/2026,yes,2096,40.53,91.82,52.46,56.21,25.18,61.74,-0.077,60.24,3.56,93.33,0.64,1.46,2.89,97.63,12.67,36.21,52.49,11.21,53.04
J. Lynch,Fleetwood Town,Fleetwood Town,GK,GK,England League Two 2025-26,33.0,225000,30/06/2027,no,4294,51.44,72.18,37.08,50.39,67.18,60.17,-0.062,66.04,3.33,87.5,0.17,0.94,2.97,97.88,8.89,40.59,67.72,11.23,53.62
J. Keeley,Luton Town,Luton Town,GK,GK,England League One 2025-26,22.0,200000,30/06/2027,no,3919,48.96,71.91,49.47,71.66,40.7,59.77,-0.06,64.44,3.1,72.73,0.51,1.22,3.17,98.46,16.37,34.05,58.65,10.89,51.64
J. Murphy,Tranmere Rovers,Tranmere Rovers,GK,GK,England League Two 2025-26,44.0,25000,30/06/2026,no,2196,32.6,79.34,50.21,42.41,100.0,59.7,-0.213,62.5,4.59,83.33,0.49,1.39,2.89,96.73,10.04,40.2,74.57,14.34,49.73
O. Goodman,Barnsley,Barnsley,GK,GK,England League One 2025-26,22.0,500000,30/06/2026,yes,2522,34.65,92.37,52.77,63.31,23.42,59.64,-0.201,63.11,3.68,100.0,0.5,1.89,2.09,98.01,14.38,32.11,55.0,9.28,49.7
M. Maroši,Tranmere Rovers,Tranmere Rovers,GK,GK,England League Two 2025-26,32.0,325000,30/06/2027,no,1192,37.33,73.25,59.44,57.18,79.16,59.44,-0.249,67.21,4.61,80.0,0.38,1.74,2.77,98.98,7.4,45.65,66.49,14.65,54.58
L. Ashby-Hammond,Plymouth Argyle,Plymouth Argyle,GK,GK,England League One 2025-26,25.0,200000,30/06/2026,no,1605,43.86,81.7,57.91,51.96,33.0,59.36,-0.106,63.75,4.49,100.0,0.17,1.85,2.47,97.03,13.23,40.56,53.13,12.56,54.91
M. Maroši,Port Vale,Port Vale,GK,GK,England League One 2025-26,32.0,325000,30/06/2027,no,504,23.73,93.66,69.27,36.56,62.99,58.94,-0.139,53.33,2.68,100.0,0.54,1.61,3.6,95.59,12.14,37.18,64.71,12.14,51.66
L. Nicholls,Huddersfield Town,Huddersfield Town,GK,GK,England League One 2025-26,33.0,900000,30/06/2028,no,3196,61.54,72.37,29.04,58.25,22.72,58.77,0.007,68.55,3.49,81.82,0.31,1.32,1.77,97.94,12.31,33.0,58.4,7.04,52.48
N. Tzanev,Huddersfield Town,Newport County,GK,GK,England League Two 2025-26,29.0,100000,30/06/2026,no,1093,39.14,84.29,48.46,54.51,42.56,58.58,-0.11,61.11,4.45,100.0,0.25,1.32,2.92,97.79,11.2,37.52,58.82,11.2,52.28
T. Simkin,Stoke City,Leyton Orient,GK,GK,England League One 2025-26,21.0,0,30/06/2028,no,1310,21.24,89.46,96.74,52.2,41.05,58.57,-0.349,62.69,4.6,100.0,0.41,1.65,5.15,96.97,13.6,34.42,56.82,12.09,51.26
K. Cahill,Leyton Orient,Leyton Orient,GK,GK,England League One 2025-26,22.0,0,30/06/2027,no,1617,40.85,85.26,31.33,45.39,59.27,58.56,-0.117,62.5,3.56,100.0,0.28,0.95,2.61,96.46,12.58,35.79,62.56,12.63,49.04
J. Wright,Newport County,Newport County,GK,GK,England League Two 2025-26,27.0,125000,30/06/2026,no,3232,44.91,88.13,50.75,29.92,29.4,58.29,-0.189,68.67,4.62,94.44,0.5,1.89,1.97,95.33,10.14,41.66,51.77,12.59,54.48
J. Wollacott,Crawley Town,Crawley Town,GK,GK,England League Two 2025-26,29.0,300000,30/06/2026,no,910,33.26,82.67,59.34,77.8,22.03,56.55,-0.176,60.98,4.05,100.0,0.2,1.38,3.45,98.1,20.77,28.61,54.95,9.0,55.16
C. Addai,Stockport County,Stockport County,GK,GK,England League One 2025-26,28.0,175000,30/06/2027,no,1494,37.29,80.08,18.25,76.04,57.81,56.22,-0.228,66.1,3.55,100.0,0.12,1.2,1.36,98.91,16.51,35.81,65.34,10.6,53.33
S. Walker,Bradford City,Bradford City,GK,GK,England League One 2025-26,34.0,125000,30/06/2027,no,4086,53.09,79.72,29.11,22.21,42.69,55.56,-0.091,68.53,3.15,92.31,0.29,1.48,1.47,95.49,5.86,44.55,61.07,9.85,55.02
J. Turner,Gillingham,Gillingham,GK,GK,England League Two 2025-26,27.0,175000,,no,1605,31.2,86.69,63.89,0.0,78.96,55.02,-0.169,59.38,3.59,90.0,0.56,1.91,2.71,93.42,4.26,47.2,63.79,16.26,52.76
T. Booth,Crewe Alexandra,Crewe Alexandra,GK,GK,England League Two 2025-26,21.0,0,30/06/2027,no,1900,58.32,65.1,45.23,58.67,18.47,54.84,-0.054,69.77,4.07,71.43,0.33,1.23,2.9,98.04,12.08,36.68,54.05,8.76,56.86
I. Lawlor,Crewe Alexandra,Doncaster Rovers,GK,GK,England League One 2025-26,31.0,75000,30/06/2027,no,605,33.1,90.75,18.08,76.07,18.63,53.53,-0.073,55.56,4.02,100.0,0.45,0.89,1.94,100.0,11.9,35.9,55.77,7.74,54.99
J. Amissah,Burton Albion,Burton Albion,GK,GK,England League One 2025-26,24.0,250000,30/06/2027,no,511,21.9,93.34,9.77,43.0,84.16,52.56,-0.234,57.14,3.7,100.0,0.53,0.7,1.81,97.5,7.05,43.2,71.23,12.86,56.93
Z. Clark,Doncaster Rovers,Doncaster Rovers,GK,GK,England League One 2025-26,33.0,700000,31/05/2027,yes,697,32.18,80.41,15.27,67.47,51.79,50.67,-0.24,63.64,2.84,100.0,0.13,1.16,1.26,100.0,7.88,44.3,60.64,12.14,55.29
T. Lo-Tutala,Doncaster Rovers,Doncaster Rovers,GK,GK,England League One 2025-26,23.0,350000,30/06/2028,yes,2866,32.67,74.76,27.7,65.2,28.09,45.56,-0.224,63.11,3.83,87.5,0.25,1.0,2.3,98.1,14.88,35.42,54.82,10.43,54.28
B. Amos,Port Vale,Port Vale,GK,GK,England League One 2025-26,35.0,100000,30/06/2026,no,714,6.23,73.32,94.66,38.02,27.01,36.04,-0.425,57.58,4.16,75.0,0.5,2.52,3.37,96.77,7.82,38.02,55.0,10.08,52.08
E. Harrison,Manchester United U21,Shrewsbury Town,GK,GK,England League Two 2025-26,20.0,0,31/05/2026,no,596,18.49,65.36,36.96,0.09,60.82,28.48,-0.423,64.86,5.59,66.67,0.45,0.91,3.02,90.91,14.95,37.42,61.8,13.44,49.44
L. Southwood,Bristol Rovers,Bristol Rovers,GK,GK,England League Two 2025-26,28.0,500000,30/06/2027,no,2229,16.31,43.28,32.24,63.31,82.19,27.66,-0.279,56.1,3.31,50.0,0.16,1.01,2.55,98.63,11.75,40.48,66.06,15.59,52.7
T. Cann,Rotherham United,Rotherham United,GK,GK,England League One 2025-26,25.0,100000,30/06/2027,no,903,71.73,0.0,52.78,43.42,28.16,25.9,0.089,70.45,4.39,0.0,0.0,1.99,1.9,97.4,7.67,42.71,48.94,14.05,51.43
W. Jonathan Dennis,Leyton Orient,Leyton Orient,GK,GK,England League One 2025-26,25.0,350000,30/06/2028,yes,1028,77.15,0.0,38.28,52.71,0.0,23.57,0.108,72.73,3.85,0.0,0.0,1.66,1.67,97.24,12.69,33.58,47.06,8.93,53.37
C. Pym,Grimsby Town,Grimsby Town,GK,GK,England League Two 2025-26,30.0,450000,30/06/2027,no,1875,0.0,59.91,0.0,57.79,77.99,21.06,-0.439,54.55,2.64,62.5,0.38,0.58,1.46,97.76,12.86,38.15,70.08,12.19,52.77
J. McDonnell,AFC Wimbledon,AFC Wimbledon,GK,GK,England League One 2025-26,31.0,0,30/06/2027,no,604,38.67,0.0,6.35,12.09,61.47,0.0,-0.094,60.0,3.73,0.0,0.0,1.04,0.96,94.0,7.45,44.3,59.41,15.05,52.96
