Player,Team,Team within selected timeframe,Main Position,Position,League,Age,Market value,Contract expires,On loan,Minutes played,Passing Att,Creativity Att,Crossing Att,Dribbling Att,Shooting Att,Defending Att,Winger Rating,Progressive passes per 90,"Accurate progressive passes, %",Passes per 90,"Accurate passes, %",Key passes per 90,xA per 90,Deep completions per 90,"Accurate crosses, %",Crosses per 90,"Successful dribbles, %",Dribbles per 90,Accelerations per 90,Non-penalty goals per 90,xG per 90,"Shots on target, %","Defensive duels won, %",Successful defensive actions per 90,Defensive duels per 90,"Aerial duels won, %",Aerial duels per 90,Free kicks per 90,Direct free kicks per 90,"Direct free kicks on target, %",Corners per 90
C. Willock,Cardiff City,Cardiff City,LAMF,"LAMF, LW",England League One 2025-26,28.0,1800000,30/06/2027,no,2377,89.72,100.0,74.12,74.58,60.36,54.82,100.0,4.24,85.71,35.55,83.49,0.91,0.21,1.82,31.36,4.47,55.69,6.32,0.08,0.3,0.15,34.09,70.0,3.86,3.41,11.54,0.98,0.0,0.0,0.0,1.36
A. Cozier-Duberry,Bolton Wanderers,Bolton Wanderers,RAMF,RAMF,England League One 2025-26,20.0,0,30/06/2028,yes,2529,82.36,93.99,70.77,86.71,54.86,56.08,96.16,4.23,77.31,34.66,81.11,1.07,0.18,1.28,37.63,3.31,60.64,6.69,0.43,0.21,0.2,32.47,63.78,4.95,4.52,12.5,0.57,0.04,0.04,0.0,0.04
R. Colwill,Cardiff City,Cardiff City,AMF,"AMF, CF, RCMF",England League One 2025-26,23.0,1200000,30/06/2030,no,2224,93.7,99.12,60.72,58.37,61.76,48.1,93.92,5.5,77.94,38.97,81.31,0.97,0.19,1.74,38.46,2.1,51.47,2.75,0.28,0.24,0.22,36.51,60.0,4.82,4.05,45.59,2.75,0.36,0.32,37.5,0.12
C. Vernam,Grimsby Town,Grimsby Town,LW,LW,England League Two 2025-26,29.0,150000,30/06/2027,no,2774,71.63,86.1,77.48,83.25,65.9,39.28,85.97,4.77,80.95,28.97,75.59,0.75,0.27,1.14,37.3,4.09,63.69,5.81,0.32,0.19,0.27,45.57,62.03,3.73,2.56,36.59,2.66,0.94,0.19,16.67,3.44
O. Tanner,Cardiff City,Cardiff City,RAMF,"RAMF, RWF, RW",England League One 2025-26,23.0,1500000,30/06/2029,no,1781,68.88,91.15,79.68,83.39,33.99,50.47,84.15,5.2,79.61,31.48,69.5,0.86,0.15,1.82,24.79,5.91,68.48,4.65,0.4,0.05,0.19,25.0,60.98,4.95,4.14,46.15,1.97,0.25,0.0,0.0,2.83
J. Payne,Colchester United,Colchester United,AMF,AMF,England League Two 2025-26,31.0,450000,30/06/2026,no,2829,95.56,62.87,58.85,58.66,69.1,49.77,84.08,5.79,78.02,40.08,80.63,0.45,0.14,1.4,38.33,1.91,56.94,2.29,0.16,0.25,0.32,31.88,60.0,4.64,4.61,18.29,2.61,0.54,0.22,14.29,1.3
J. Moylan,Lincoln City,Lincoln City,AMF,AMF,England League One 2025-26,24.0,200000,,no,1762,52.99,92.25,70.22,68.7,100.0,54.6,83.35,4.39,66.28,25.59,69.86,0.92,0.22,1.33,42.31,2.66,52.87,4.44,0.36,0.46,0.36,43.86,61.73,5.62,4.14,30.56,1.84,0.26,0.05,0.0,0.41
X. Amaechi,Plymouth Argyle,Plymouth Argyle,RW,"RW, RAMF, AMF",England League One 2025-26,25.0,500000,,no,1067,73.37,91.7,83.03,71.15,54.94,32.62,83.1,7.0,74.7,28.09,72.67,0.84,0.26,1.27,44.44,3.8,50.65,6.49,0.08,0.25,0.14,35.0,49.02,4.55,4.3,37.5,3.37,1.69,0.17,0.0,1.94
K. Palmer,Luton Town,Luton Town,AMF,"AMF, DMF, RCMF",England League One 2025-26,29.0,1200000,30/06/2027,yes,1139,86.72,61.42,73.14,58.23,77.23,49.16,82.65,5.69,80.56,31.92,81.93,0.55,0.08,1.42,57.14,1.11,55.56,2.13,0.24,0.32,0.27,42.31,49.35,6.32,6.08,34.21,3.0,0.24,0.24,33.33,0.0
M. Miller,Huddersfield Town,Huddersfield Town,LAMF,"LAMF, LB, AMF",England League One 2025-26,30.0,400000,30/06/2026,no,554,72.6,71.24,88.5,80.8,43.9,53.61,82.62,5.85,63.89,32.17,74.75,0.65,0.29,0.49,60.0,2.44,61.29,5.04,0.49,0.0,0.15,60.0,53.13,6.99,5.2,44.83,4.71,0.0,0.0,0.0,1.62
M. Olakigbe,Swindon Town,Swindon Town,RAMF,"RAMF, RWB, LWB",England League Two 2025-26,21.0,600000,30/06/2028,yes,697,58.56,55.57,94.18,99.33,53.2,72.18,82.14,4.0,87.1,25.95,68.66,0.52,0.13,0.9,36.17,6.07,52.7,9.56,0.77,0.13,0.14,54.55,76.67,5.16,3.87,0.0,2.07,0.0,0.0,0.0,0.26
J. Stokes,Stockport County,Stockport County,AMF,"AMF, RCMF, LW",England League One 2025-26,21.0,0,,yes,860,67.36,98.29,58.04,59.93,37.36,71.41,82.07,5.02,66.67,32.76,71.57,1.05,0.16,1.67,32.0,2.62,64.71,1.78,0.0,0.1,0.18,23.53,64.41,6.49,6.17,33.33,2.83,0.0,0.0,0.0,0.0
J. Roles,South Shields,Crawley Town,AMF,"AMF, CF, RCMF",England League Two 2025-26,27.0,125000,30/06/2027,no,623,93.83,86.62,67.29,53.22,22.83,42.03,81.51,6.65,73.91,40.3,77.42,1.01,0.11,1.44,33.33,3.47,52.94,2.46,0.0,0.0,0.12,25.0,59.09,4.62,3.18,26.32,2.74,0.72,0.14,0.0,1.44
L. Mandeville,Chesterfield,Chesterfield,RAMF,"RAMF, AMF, CF",England League Two 2025-26,29.0,0,30/06/2028,no,2536,100.0,52.35,54.77,51.15,45.89,64.77,80.09,6.14,73.41,42.27,82.2,0.35,0.2,0.75,32.79,2.16,56.76,1.31,0.0,0.18,0.12,34.48,67.5,5.96,4.26,24.29,2.48,0.75,0.0,0.0,2.84
R. Glover,Barnet,Barnet,RAMF,"RAMF, AMF, LW",England League Two 2025-26,25.0,0,,no,4004,69.49,74.03,78.96,81.94,40.37,52.72,79.86,5.35,71.43,34.39,68.89,0.72,0.17,1.15,29.87,5.19,61.87,6.25,0.22,0.09,0.17,32.81,62.07,5.96,3.26,45.88,7.64,0.09,0.09,25.0,0.09
D. Markanday,Chesterfield,Chesterfield,RAMF,"RAMF, RW",England League Two 2025-26,24.0,400000,30/06/2028,no,2610,65.93,72.44,64.32,80.92,49.55,66.44,79.81,4.72,75.18,29.83,71.91,0.66,0.19,1.1,30.1,3.55,61.69,5.31,0.41,0.24,0.15,25.0,65.33,6.1,5.17,14.29,1.21,0.1,0.03,0.0,0.76
O. Edwards,Colchester United,Colchester United,LAMF,LAMF,England League Two 2025-26,25.0,200000,30/06/2026,no,1505,72.44,60.62,68.49,90.63,19.41,70.46,78.21,4.6,70.13,30.38,78.74,0.6,0.1,1.14,33.9,3.53,49.57,7.0,1.08,0.06,0.05,18.75,65.56,6.7,5.38,13.64,2.63,0.0,0.0,0.0,0.96
I. Cissoko,Bolton Wanderers,Bolton Wanderers,LAMF,"LAMF, LW",England League One 2025-26,23.0,0,30/06/2027,yes,833,64.09,79.98,83.25,100.0,31.23,33.81,78.1,4.97,73.91,31.33,68.28,1.08,0.12,0.86,26.79,6.05,61.0,10.8,0.11,0.11,0.12,20.0,51.28,4.21,4.21,40.0,2.16,0.32,0.0,0.0,0.54
C. Hayes,Peterborough United,Peterborough United,RAMF,"RAMF, LAMF, LW",England League One 2025-26,22.0,0,30/06/2027,no,1332,43.79,81.32,73.47,89.02,53.44,72.95,77.51,3.04,64.44,24.12,68.91,0.95,0.22,0.68,28.17,4.8,58.76,6.55,0.68,0.2,0.11,46.67,54.03,7.84,8.38,12.12,2.23,0.07,0.0,0.0,0.74
J. Brophy,Cambridge United,Cambridge United,RAMF,"RAMF, LWB, RW",England League Two 2025-26,31.0,400000,30/06/2026,no,2972,76.87,86.3,67.57,53.77,33.34,49.89,76.79,6.03,76.38,32.04,73.82,0.76,0.25,1.24,40.23,2.63,45.45,3.0,0.24,0.09,0.08,34.48,59.29,5.24,4.24,35.06,2.33,1.6,0.06,50.0,2.36
T. Leigh,Bristol Rovers,Bristol Rovers,AMF,"AMF, DMF, LCMF",England League Two 2025-26,25.0,300000,30/06/2027,yes,751,72.1,58.18,65.59,66.95,89.44,46.78,76.57,6.95,72.41,34.03,65.85,0.6,0.13,0.84,34.62,3.12,75.0,1.44,0.0,0.48,0.18,50.0,55.56,5.63,4.31,38.46,4.67,0.72,0.24,0.0,1.32
J. Stevens,Oldham Athletic,Oldham Athletic,LW,"LW, LAMF",England League Two 2025-26,25.0,0,30/06/2027,no,1198,56.38,90.45,43.8,59.95,85.55,52.94,74.96,4.36,65.52,29.6,68.53,0.83,0.16,1.8,27.27,1.65,50.0,2.1,0.6,0.38,0.25,50.0,59.32,5.71,4.43,25.81,4.66,0.0,0.0,0.0,0.0
A. Lowry,Wycombe Wanderers,Wycombe Wanderers,LAMF,"LAMF, CF",England League One 2025-26,22.0,0,,no,675,91.93,48.41,59.86,68.59,54.31,38.47,74.73,7.87,79.66,33.2,77.91,0.13,0.04,2.0,41.67,1.6,65.22,3.07,0.13,0.13,0.28,33.33,46.51,5.2,5.73,15.79,2.53,0.13,0.0,0.0,0.4
B. Pointon,Bradford City,Bradford City,AMF,AMF,England League One 2025-26,22.0,0,30/06/2027,no,2460,59.86,56.74,73.71,69.75,83.88,54.23,72.92,4.24,69.83,26.3,74.13,0.66,0.11,0.73,40.91,3.22,75.0,1.46,0.15,0.33,0.37,36.36,63.48,4.94,4.21,22.43,3.91,0.0,0.0,0.0,1.1
C. Bramall,Luton Town,Luton Town,LW,"LW, LB, LAMF",England League One 2025-26,30.0,600000,,no,1836,79.15,45.07,72.04,82.35,31.06,53.77,72.63,6.86,78.57,32.4,71.86,0.44,0.08,0.83,23.36,5.25,63.51,3.63,0.83,0.1,0.06,31.58,60.22,5.49,4.56,45.21,3.58,0.59,0.39,37.5,0.34
G. Middleton,Doncaster Rovers,Doncaster Rovers,LAMF,"LAMF, LW, LWB",England League One 2025-26,26.0,450000,30/06/2027,no,1718,58.27,58.51,100.0,83.31,33.11,54.51,72.09,6.02,66.09,27.71,66.54,0.68,0.2,0.26,35.38,6.81,73.26,4.51,0.21,0.05,0.13,33.33,65.33,4.71,3.93,30.77,2.04,0.68,0.26,40.0,2.04
M. Garbett,Peterborough United,Peterborough United,RAMF,"RAMF, AMF, RCMF",England League One 2025-26,23.0,450000,30/06/2027,no,1941,80.36,51.43,56.78,72.81,38.26,55.51,72.06,5.47,78.81,31.44,78.47,0.46,0.13,0.83,34.78,2.13,62.12,3.06,0.51,0.14,0.1,30.95,58.62,5.56,5.38,24.49,2.27,0.32,0.14,66.67,0.7
K. Doyle,Reading,Reading,AMF,"AMF, RAMF",England League One 2025-26,20.0,0,31/05/2026,yes,2746,65.69,76.95,64.22,57.14,39.39,54.85,70.57,3.9,71.43,26.12,79.8,0.95,0.15,0.85,43.1,1.9,52.31,2.13,0.33,0.13,0.11,33.33,54.6,6.33,5.7,22.39,2.2,0.0,0.0,0.0,0.03
M. Pinnock,Bromley,Bromley,LW,"LW, LAMF, LWB",England League Two 2025-26,31.0,300000,,no,4200,53.42,96.66,95.35,55.03,21.14,46.08,70.43,7.09,70.69,25.67,59.77,0.94,0.35,0.77,41.47,5.53,45.99,2.94,0.3,0.02,0.07,26.32,60.61,4.69,3.54,29.2,2.42,2.25,0.13,0.0,2.98
J. Berry-McNally,Chesterfield,Chesterfield,LAMF,"LAMF, AMF",England League Two 2025-26,25.0,0,31/05/2026,yes,1628,75.39,67.88,55.03,76.75,63.22,15.6,69.92,6.3,76.32,33.39,70.2,0.72,0.15,0.94,21.21,3.65,62.96,4.48,0.33,0.28,0.26,25.0,44.0,3.87,2.76,34.15,2.27,0.66,0.22,25.0,1.77
J. Colwill,Cardiff City,Cardiff City,AMF,"AMF, RCMF, RDMF",England League One 2025-26,21.0,0,30/06/2028,no,1895,71.42,34.58,90.62,72.79,47.16,56.21,69.24,3.56,53.33,31.2,85.84,0.24,0.04,1.0,77.78,0.43,76.19,1.0,0.38,0.19,0.13,33.33,57.02,6.17,5.41,38.16,3.61,0.0,0.0,0.0,0.0
J. Hawkes,Oldham Athletic,Oldham Athletic,LW,"LW, LAMF, LCMF",England League Two 2025-26,27.0,225000,30/06/2027,no,995,73.79,58.85,40.95,62.81,74.76,41.52,68.67,6.87,86.84,26.95,70.81,0.45,0.11,1.36,18.52,2.44,56.25,2.89,0.27,0.36,0.25,33.33,56.52,4.34,4.16,41.67,1.09,0.27,0.18,0.0,0.81
L. Molyneux,Doncaster Rovers,Doncaster Rovers,RW,"RW, RAMF, RWB",England League One 2025-26,28.0,300000,30/06/2027,no,3593,51.47,72.75,69.05,80.94,48.66,45.21,67.92,4.43,72.88,24.9,67.1,0.75,0.21,0.78,30.82,3.98,59.91,5.56,0.43,0.1,0.26,31.65,57.86,4.91,3.98,25.2,3.18,0.95,0.08,0.0,1.45
C. Vickers,Wigan Athletic,Wigan Athletic,RAMF,"RAMF, AMF",England League One 2025-26,21.0,175000,30/06/2027,yes,1290,69.91,52.18,65.04,68.54,43.68,53.94,67.88,3.84,69.09,30.21,79.68,0.49,0.11,0.91,50.0,1.12,68.42,1.33,0.42,0.21,0.08,31.25,59.7,5.58,4.67,17.86,1.95,0.35,0.0,0.0,0.91
P. Kelly,Barnsley,Barnsley,AMF,"AMF, LDMF, LCMF",England League One 2025-26,21.0,0,30/06/2028,no,2406,71.96,53.54,45.99,70.95,39.3,60.87,67.78,3.74,70.0,28.35,83.51,0.45,0.11,1.08,37.5,0.6,47.44,2.92,1.12,0.07,0.15,37.93,64.52,5.65,4.64,30.91,2.06,0.0,0.0,0.0,0.04
T. Gale,Bolton Wanderers,Bolton Wanderers,LAMF,LAMF,England League One 2025-26,23.0,700000,30/06/2029,no,1774,48.71,62.13,81.62,78.32,61.96,47.29,67.17,3.7,72.6,24.86,67.35,0.76,0.12,0.71,32.35,5.17,54.14,6.75,0.25,0.25,0.23,33.33,73.53,2.79,1.72,25.0,0.81,0.0,0.0,0.0,0.2
R. Hackett,Lincoln City,Lincoln City,RAMF,"RAMF, RW, LAMF",England League One 2025-26,28.0,275000,30/06/2027,no,2681,53.4,71.85,52.62,51.82,61.62,70.92,67.15,3.19,66.32,24.71,75.14,0.7,0.19,0.97,28.38,2.48,43.48,3.09,0.2,0.3,0.19,29.82,62.29,7.32,5.87,38.89,3.02,1.01,0.1,0.0,2.05
D. Burns,Grimsby Town,Grimsby Town,RW,RW,England League Two 2025-26,23.0,175000,30/06/2028,no,2521,59.02,77.64,72.21,66.2,30.68,44.68,67.03,5.53,75.48,25.03,68.76,0.68,0.14,1.61,39.13,3.28,51.47,4.86,0.18,0.04,0.14,28.95,53.24,5.25,4.96,26.92,4.64,0.04,0.0,0.0,0.79
Rob Apter,Bolton Wanderers,Bolton Wanderers,RAMF,"RAMF, RW, LAMF",England League One 2025-26,22.0,0,30/06/2029,yes,727,51.41,82.58,62.2,73.16,33.52,49.75,66.68,3.96,68.75,26.86,67.74,0.62,0.32,0.99,25.0,3.96,68.0,3.09,0.25,0.0,0.18,35.29,66.67,3.84,3.34,23.08,1.61,0.62,0.0,0.0,3.09
B. Kamwa,Newport County,Newport County,LW,"LW, LAMF, RAMF",England League Two 2025-26,26.0,0,30/06/2026,no,2819,55.21,59.87,79.55,82.65,34.63,50.04,66.54,4.41,76.81,22.48,71.73,0.54,0.14,1.02,41.88,3.74,56.06,6.32,0.51,0.06,0.16,29.31,66.98,3.77,3.38,21.05,1.82,0.03,0.03,0.0,0.1
M. Harness,Huddersfield Town,Huddersfield Town,AMF,"AMF, RAMF, RCMF",England League One 2025-26,30.0,800000,30/06/2028,no,3207,63.56,54.65,52.67,64.57,48.98,65.75,66.29,4.74,63.91,30.36,72.92,0.56,0.12,0.81,28.74,2.44,60.0,2.67,0.25,0.14,0.16,41.3,58.96,7.13,5.95,37.21,3.62,0.2,0.0,0.0,1.01
A. Mayor,Cambridge United,Cambridge United,LAMF,"LAMF, LWB, LW",England League Two 2025-26,21.0,0,30/06/2027,yes,1844,56.12,42.74,78.5,87.62,35.25,65.03,66.19,6.74,63.77,28.6,62.12,0.24,0.18,0.63,28.44,5.32,80.82,3.56,0.34,0.1,0.04,42.86,64.49,6.0,5.22,48.0,2.44,0.34,0.0,0.0,0.88
T. Iorpenda,Notts County,Notts County,AMF,"AMF, LCMF",England League Two 2025-26,21.0,0,30/06/2027,yes,3518,61.28,44.37,42.32,67.7,41.57,91.95,66.09,2.81,68.18,26.68,80.15,0.38,0.11,0.77,23.68,1.94,52.67,3.35,0.59,0.08,0.14,42.0,68.86,8.42,7.39,42.86,4.12,0.03,0.03,0.0,0.03
R. Hendry,Mansfield Town,Mansfield Town,AMF,"AMF, LCMF, LAMF",England League One 2025-26,28.0,300000,30/06/2027,no,1261,76.86,64.99,54.61,54.25,32.49,44.23,66.0,4.92,73.91,31.48,78.91,0.57,0.19,0.93,32.26,2.21,55.56,1.93,0.07,0.14,0.07,25.0,61.22,4.14,3.5,43.75,2.28,0.43,0.07,100.0,2.21
S. Banks,Barnsley,Barnsley,RAMF,"RAMF, LAMF, RW",England League One 2025-26,24.0,300000,30/06/2026,yes,1491,51.29,60.23,59.94,74.01,62.08,58.7,66.0,3.86,68.75,22.94,72.37,0.72,0.16,0.48,31.91,2.84,64.29,4.23,0.18,0.24,0.17,45.45,60.71,5.92,5.07,17.65,2.05,0.18,0.0,0.0,0.48
D. Duffy,Chesterfield,Chesterfield,LAMF,"LAMF, AMF, CF",England League Two 2025-26,23.0,0,30/06/2026,no,1704,54.85,61.25,78.36,62.06,46.11,59.77,65.81,3.86,72.6,26.41,70.2,0.74,0.18,0.37,29.9,5.12,53.62,3.64,0.16,0.11,0.15,43.24,61.0,5.86,5.28,38.52,6.44,0.74,0.26,40.0,1.64
R. Smith,Harrogate Town,Harrogate Town,LAMF,"LAMF, AMF",England League Two 2025-26,23.0,0,30/06/2027,no,3768,61.78,46.92,58.97,81.05,32.85,67.04,65.62,4.97,59.62,31.15,71.17,0.38,0.13,0.79,30.83,2.87,60.0,4.54,0.69,0.05,0.11,36.17,61.2,6.71,5.97,26.98,3.01,0.24,0.0,0.0,1.91
J. Clark,Luton Town,Luton Town,AMF,"AMF, LCMF",England League One 2025-26,32.0,1000000,,no,3110,75.03,48.98,39.1,55.03,66.73,53.71,65.43,4.86,80.36,30.27,76.86,0.38,0.1,1.07,23.64,1.59,48.72,3.39,0.06,0.23,0.34,27.85,60.9,5.96,3.85,31.94,4.17,0.29,0.0,0.0,1.45
M. Clark,Fleetwood Town,Fleetwood Town,LW,"LW, LWB, RWB",England League Two 2025-26,27.0,200000,30/06/2026,yes,854,80.17,41.06,68.3,65.16,7.02,63.42,65.23,7.9,74.67,32.78,70.1,0.42,0.05,0.84,36.67,3.16,51.43,3.69,0.42,0.0,0.09,0.0,60.0,7.48,4.74,45.24,4.43,0.0,0.0,0.0,0.0
C. Ashford,Cardiff City,Cardiff City,RAMF,"RAMF, LAMF, RW",England League One 2025-26,21.0,0,30/06/2030,no,2422,63.38,57.39,50.42,68.4,49.62,55.02,65.1,2.34,65.08,28.13,82.83,0.45,0.1,1.34,24.0,2.79,56.9,4.31,0.19,0.15,0.22,30.61,65.79,4.38,4.24,42.11,1.41,0.07,0.0,0.0,0.22
C. Mahoney,Barrow,Barrow,AMF,"AMF, RW",England League Two 2025-26,29.0,300000,30/06/2026,no,1821,82.01,50.45,64.19,68.58,29.44,30.4,64.93,5.34,73.15,33.76,79.5,0.49,0.15,0.59,33.87,3.06,64.81,2.67,0.25,0.05,0.07,36.36,48.48,5.24,3.26,37.5,1.19,0.64,0.0,0.0,1.38
G. McCleary,Gillingham,Gillingham,RAMF,"RAMF, CF, AMF",England League Two 2025-26,38.0,75000,30/06/2026,no,1404,63.68,63.37,82.53,70.01,43.11,26.98,64.91,4.42,78.26,28.33,71.72,0.58,0.12,1.22,36.0,4.81,57.63,3.78,0.38,0.13,0.07,47.06,54.76,3.14,2.69,43.9,2.63,0.0,0.0,0.0,0.13
M. Holíček,Crewe Alexandra,Crewe Alexandra,AMF,AMF,England League Two 2025-26,21.0,0,30/06/2027,no,2231,64.11,39.42,51.66,67.1,41.89,80.93,64.55,3.91,63.92,26.87,80.03,0.36,0.08,0.73,37.93,1.17,68.18,1.77,0.24,0.12,0.15,33.33,67.9,7.14,6.54,31.53,4.48,0.04,0.0,0.0,0.04
L. Hannant,Oldham Athletic,Oldham Athletic,LW,"LW, LAMF",England League Two 2025-26,32.0,0,30/06/2027,no,1404,71.76,45.53,74.47,61.78,40.39,47.34,64.24,7.37,69.57,30.58,68.97,0.45,0.08,0.83,41.18,3.27,57.14,1.79,0.45,0.0,0.23,40.0,58.82,5.77,3.27,46.15,3.33,0.06,0.0,0.0,0.06
T. O'Reilly,Crewe Alexandra,Crewe Alexandra,RAMF,"RAMF, AMF",England League Two 2025-26,22.0,0,,yes,3724,53.27,61.38,64.85,70.48,41.17,60.22,64.19,4.21,72.41,24.34,70.11,0.56,0.21,0.65,29.61,3.67,52.48,5.85,0.12,0.15,0.12,31.25,55.56,6.4,6.53,15.28,3.48,0.77,0.1,0.0,1.4
C. Ashia,Huddersfield Town U21,Huddersfield Town,LAMF,"LAMF, LWB, AMF",England League One 2025-26,19.0,0,,no,803,45.18,57.34,55.78,78.99,73.12,57.11,63.96,2.8,80.0,20.06,70.39,0.56,0.15,0.78,20.59,3.81,49.09,6.16,0.67,0.34,0.17,47.37,54.55,6.39,6.16,18.75,1.79,0.0,0.0,0.0,0.22
Junior Quitirna,Wycombe Wanderers,Wycombe Wanderers,RAMF,"RAMF, RW",England League One 2025-26,25.0,0,,no,1607,60.87,40.93,41.38,76.97,62.85,65.46,63.8,3.64,73.85,23.97,78.27,0.28,0.09,0.95,22.22,2.02,65.48,4.7,0.17,0.34,0.2,22.86,60.36,6.38,6.22,27.27,1.85,0.0,0.0,0.0,0.0
K. Dempsey,Bolton Wanderers,Bolton Wanderers,AMF,"AMF, LDMF",England League One 2025-26,30.0,600000,30/06/2026,no,1484,70.38,49.73,60.13,39.05,47.53,68.92,63.45,4.12,67.65,29.23,80.71,0.3,0.18,0.85,45.0,1.21,41.18,1.03,0.12,0.18,0.19,25.93,61.11,7.64,5.46,54.17,4.37,0.18,0.06,0.0,2.06
R. Curtis,Plymouth Argyle,Plymouth Argyle,RW,"RW, CF",England League One 2025-26,30.0,200000,30/06/2028,no,2492,46.58,81.79,71.3,54.96,49.97,48.0,63.25,5.45,69.54,24.7,60.96,0.65,0.34,0.76,34.29,3.79,52.63,2.74,0.04,0.11,0.25,33.9,54.96,5.67,4.73,46.18,9.93,1.55,0.18,20.0,4.3
A. Dobra,Chesterfield,Chesterfield,LAMF,"LAMF, AMF, LW",England League Two 2025-26,24.0,0,30/12/2028,no,1889,68.24,33.95,45.02,67.69,59.7,62.34,62.13,3.0,77.78,28.63,80.03,0.24,0.05,0.91,27.78,1.72,47.57,4.91,0.43,0.24,0.26,25.93,57.58,6.48,6.29,9.09,2.1,0.0,0.0,0.0,0.29
A. Phillips,Barnsley,Barnsley,AMF,"AMF, RAMF, RDMF",England League One 2025-26,28.0,500000,30/06/2026,no,2707,85.04,45.58,53.73,53.62,42.05,32.85,62.03,5.79,76.44,37.0,75.83,0.37,0.08,1.03,28.95,2.53,61.54,0.86,0.03,0.17,0.11,30.77,52.33,4.99,2.86,42.86,5.35,0.13,0.0,0.0,0.33
R. Cleary,Barnsley,Barnsley,LAMF,"LAMF, LW",England League One 2025-26,21.0,0,30/06/2028,no,2343,21.82,87.51,81.11,77.68,55.8,48.91,61.27,3.57,65.59,18.28,55.04,0.96,0.25,0.81,29.37,5.49,55.88,6.53,0.19,0.23,0.13,42.11,57.89,4.61,5.11,18.52,1.04,0.0,0.0,0.0,0.15
E. Sutton,Harrogate Town,Harrogate Town,LAMF,"LAMF, LW, RWB",England League Two 2025-26,19.0,0,31/05/2026,yes,456,45.49,47.0,62.09,67.46,56.95,77.33,61.17,5.53,75.0,20.92,62.26,0.59,0.04,0.79,31.25,3.16,36.11,7.11,0.39,0.2,0.13,50.0,70.0,6.32,5.92,28.57,1.38,0.0,0.0,0.0,0.0
T. Brenan,Harrogate Town,Harrogate Town,AMF,"AMF, RCMF",England League Two 2025-26,19.0,0,30/06/2028,yes,858,74.8,33.09,60.59,55.07,50.29,53.41,60.75,4.2,57.5,36.29,79.48,0.42,0.05,0.42,50.0,0.63,53.33,1.57,0.31,0.31,0.09,23.08,59.52,5.77,4.41,32.14,2.94,0.0,0.0,0.0,0.0
J. Koroma,Leyton Orient,Leyton Orient,RAMF,"RAMF, RWF",England League One 2025-26,27.0,1500000,30/06/2028,no,1456,40.94,64.61,60.02,62.6,44.41,75.24,60.59,2.6,76.19,21.57,67.05,0.49,0.2,1.05,30.0,3.09,50.0,3.59,0.37,0.19,0.09,34.78,73.68,5.93,4.7,31.46,5.5,0.19,0.06,0.0,0.06
S. Forde,Bristol Rovers,Bristol Rovers,AMF,"AMF, RWF",England League Two 2025-26,21.0,0,30/06/2027,no,1536,45.41,69.64,51.81,69.21,53.58,52.02,60.51,4.1,72.86,23.26,64.99,0.76,0.17,0.82,25.53,2.75,60.87,4.04,0.12,0.18,0.17,40.74,52.88,5.86,6.09,23.86,5.16,0.0,0.0,0.0,0.18
P. Ehibhatiomhan,Salford City,Salford City,LW,"LW, CF, AMF",England League Two 2025-26,20.0,0,30/06/2026,yes,759,36.64,79.72,72.2,57.17,48.13,57.3,60.28,3.91,63.64,20.99,63.84,0.95,0.2,0.71,43.48,2.73,40.0,4.74,0.24,0.12,0.2,36.84,61.9,5.34,4.98,33.33,4.27,0.0,0.0,0.0,0.0
T. Tuterov,Exeter City,Exeter City,AMF,"AMF, LW, LAMF",England League One 2025-26,20.0,0,30/06/2027,yes,708,44.24,67.42,51.82,68.07,54.38,56.44,60.14,2.03,81.25,16.65,75.57,0.76,0.16,0.76,31.25,2.03,64.0,3.18,0.13,0.25,0.18,27.27,60.98,5.21,5.21,28.57,2.67,0.0,0.0,0.0,0.0
J. Obiora Amaluzor,Grimsby Town,Grimsby Town,RW,"RW, CF",England League Two 2025-26,29.0,0,30/06/2027,no,1120,46.57,64.44,60.53,75.95,47.89,46.13,60.07,4.34,72.22,22.42,66.31,0.56,0.17,1.04,40.91,1.77,60.0,3.62,0.64,0.16,0.19,30.43,56.36,5.14,4.42,49.18,4.9,0.0,0.0,0.0,0.16
D. Mitchell,Leyton Orient,Leyton Orient,RAMF,"RAMF, LB, AMF",England League One 2025-26,29.0,250000,30/06/2027,no,1462,70.77,46.8,30.66,63.06,25.74,68.23,59.93,7.2,61.54,32.87,68.73,0.37,0.1,0.98,10.81,2.28,57.14,2.15,0.43,0.06,0.05,30.77,65.75,7.02,4.49,27.14,4.31,0.06,0.0,0.0,1.05
K. Drummond,Oldham Athletic,Oldham Athletic,RW,"RW, RAMF, CF",England League Two 2025-26,25.0,0,30/06/2026,no,2465,41.16,42.07,60.04,59.06,77.6,83.16,59.81,3.14,67.44,19.57,70.52,0.29,0.07,1.1,46.43,1.02,50.0,2.26,0.51,0.26,0.26,56.1,67.63,7.92,6.32,28.57,3.58,0.04,0.04,0.0,0.0
B. Dack,Gillingham,Gillingham,AMF,"AMF, RCMF",England League Two 2025-26,32.0,1000000,30/06/2026,no,2548,64.74,42.26,40.73,53.57,59.85,65.85,59.79,5.4,67.97,28.68,72.29,0.21,0.15,0.85,29.03,1.09,63.16,0.67,0.0,0.21,0.22,38.6,63.23,6.32,5.47,42.86,2.23,1.02,0.18,20.0,2.01
J. Gibson,Doncaster Rovers,Doncaster Rovers,LW,"LW, LAMF, LWF",England League One 2025-26,28.0,300000,30/06/2026,no,1833,55.71,52.66,53.25,72.61,42.27,53.74,59.63,4.17,68.24,24.99,72.89,0.44,0.15,0.83,26.79,2.75,57.3,4.37,0.39,0.15,0.17,25.0,57.14,5.84,5.16,26.47,3.34,0.49,0.15,33.33,0.83
J. Benson,Rotherham United,Rotherham United,AMF,"AMF, LWF, LDMF",England League One 2025-26,26.0,250000,30/06/2026,no,1189,74.15,40.9,40.81,52.04,36.78,64.32,59.44,4.47,79.66,32.78,74.83,0.38,0.12,0.53,26.32,1.44,55.0,1.51,0.08,0.15,0.07,31.25,64.29,5.83,5.3,47.73,3.33,1.67,0.45,66.67,2.5
J. Hoilett,Swindon Town,Swindon Town,LW,"LW, LAMF, LWB",England League Two 2025-26,35.0,150000,31/05/2026,no,595,51.58,77.45,59.08,34.71,33.49,67.23,59.23,4.39,79.31,27.83,61.96,0.76,0.2,1.06,26.09,3.48,22.73,3.33,0.15,0.15,0.1,20.0,65.63,6.5,4.84,38.1,3.18,0.0,0.0,0.0,2.27
D. Jefferies,Lincoln City,Lincoln City,LAMF,"LAMF, LWB",England League One 2025-26,23.0,175000,30/06/2028,no,738,58.06,47.36,64.9,44.14,79.4,49.75,59.05,3.17,73.08,24.76,76.85,0.49,0.16,0.37,46.15,1.59,42.86,0.85,0.37,0.24,0.22,70.0,46.81,7.56,5.73,34.62,3.17,0.0,0.0,0.0,0.0
S. McWilliams,Rotherham United,Rotherham United,AMF,"AMF, RCMF",England League One 2025-26,27.0,225000,30/06/2026,no,1825,62.58,41.19,32.74,62.06,31.99,83.63,58.94,4.24,67.44,28.65,74.53,0.44,0.06,0.74,21.74,1.13,70.0,0.49,0.2,0.1,0.08,30.0,62.84,8.53,7.3,34.62,5.13,0.05,0.0,0.0,0.05
R. Cole,Exeter City,Exeter City,AMF,"AMF, RWF, CF",England League One 2025-26,28.0,225000,30/06/2026,no,1840,68.57,44.99,64.8,55.01,56.64,35.4,58.83,5.87,64.17,32.53,70.83,0.34,0.14,0.73,40.43,2.3,58.62,1.42,0.1,0.24,0.15,38.46,47.52,4.99,4.94,32.43,1.81,0.68,0.1,50.0,1.96
T. Archibald,Leyton Orient,Leyton Orient,RAMF,"RAMF, RWB, LWB",England League One 2025-26,28.0,300000,30/06/2026,no,1631,52.38,39.88,70.54,73.62,37.91,63.3,58.49,6.62,62.5,27.09,61.51,0.44,0.09,0.5,29.11,4.36,60.0,3.03,0.66,0.11,0.1,36.0,54.87,7.56,6.24,29.11,4.36,0.83,0.06,0.0,1.05
J. Davies,Fleetwood Town,Fleetwood Town,AMF,"AMF, LCMF",England League Two 2025-26,27.0,150000,30/06/2026,no,679,54.56,42.62,39.64,53.23,87.28,63.2,58.45,6.1,80.43,28.5,57.67,0.4,0.08,0.8,23.08,1.72,52.63,2.52,0.0,0.4,0.34,34.48,60.47,6.36,5.7,43.18,5.83,1.06,0.66,40.0,1.06
J. Aitchison,Exeter City,Exeter City,AMF,"AMF, RCMF, LW",England League One 2025-26,26.0,300000,30/06/2026,no,2602,71.74,43.71,47.85,60.54,23.68,55.78,58.14,4.32,72.8,28.36,80.49,0.48,0.08,0.66,34.29,1.21,53.7,1.87,0.52,0.03,0.1,24.24,55.87,5.67,6.19,12.2,1.42,0.0,0.0,0.0,0.03
L. Thomas,Bristol Rovers,Bristol Rovers,LWF,"LWF, AMF, RW",England League Two 2025-26,27.0,500000,30/06/2026,no,1889,47.01,52.65,52.09,55.52,35.28,86.38,57.79,4.48,62.77,25.73,65.56,0.43,0.1,1.14,24.19,2.95,57.14,2.0,0.05,0.1,0.11,31.25,69.18,7.53,6.96,21.74,2.19,0.1,0.0,0.0,0.29
M. Jacobs,Northampton Town,Northampton Town,LW,"LW, LWF, LAMF",England League One 2025-26,34.0,0,30/06/2026,no,521,52.7,69.29,63.29,50.59,22.83,58.2,57.7,3.11,61.11,26.78,74.19,0.69,0.19,0.86,30.0,3.45,50.0,2.42,0.0,0.0,0.12,25.0,52.38,6.22,7.26,40.0,6.05,0.35,0.0,0.0,1.73
E. Archer,Port Vale,Cheltenham Town,LWF,"LWF, LAMF, LWB",England League Two 2025-26,23.0,0,30/06/2026,yes,2040,56.96,34.85,72.79,62.23,23.71,76.01,57.43,4.94,60.71,27.22,71.31,0.35,0.1,0.4,37.97,3.49,47.01,5.16,0.09,0.09,0.07,17.86,59.35,8.38,6.84,27.27,2.91,0.0,0.0,0.0,0.22
J. Martin,Cheltenham Town,Cheltenham Town,RWF,"RWF, LW, AMF",England League Two 2025-26,24.0,300000,30/06/2026,no,742,66.92,14.95,56.0,55.04,89.56,55.41,57.01,3.52,75.86,26.2,80.56,0.0,0.01,0.73,38.46,1.58,46.15,3.15,0.24,0.49,0.11,60.0,60.98,5.22,4.97,22.22,2.18,0.73,0.36,33.33,0.85
P. Glatzel,Swindon Town,Swindon Town,AMF,"AMF, RWF, RW",England League Two 2025-26,25.0,275000,30/06/2027,no,1309,53.99,54.24,47.75,54.72,47.99,62.12,56.93,3.71,66.67,23.51,75.15,0.48,0.1,1.1,31.82,1.51,53.13,2.2,0.14,0.14,0.24,26.09,62.86,6.26,4.81,27.59,3.99,0.0,0.0,0.0,0.0
J. Thomas,Cheltenham Town,Cheltenham Town,RW,"RW, RWF",England League Two 2025-26,24.0,0,,no,2904,45.4,45.45,49.5,67.85,41.92,80.48,56.86,4.28,65.22,23.43,66.67,0.37,0.14,0.68,27.4,2.26,48.55,5.36,0.28,0.15,0.15,27.66,61.82,8.62,6.82,39.9,5.98,0.59,0.06,50.0,0.43
J. Diamond,Stockport County,Stockport County,AMF,"AMF, RWB",England League One 2025-26,26.0,350000,30/06/2027,no,3215,45.38,50.42,61.7,77.44,48.02,51.53,56.72,2.74,60.2,23.01,73.84,0.56,0.13,0.53,35.11,2.63,52.94,4.76,0.76,0.17,0.16,33.77,63.09,4.51,4.17,42.42,1.85,0.03,0.0,0.0,0.17
K. Dixon,Crawley Town,Crawley Town,AMF,"AMF, RCMF, CF",England League Two 2025-26,21.0,0,30/06/2028,yes,737,61.47,52.85,40.99,55.18,29.86,64.23,56.7,3.91,68.75,26.13,77.1,0.37,0.07,1.47,27.27,1.34,46.15,3.18,0.24,0.0,0.1,41.67,58.7,7.2,5.62,29.73,4.52,0.0,0.0,0.0,0.0
S. Duke-McKenna,Harrogate Town,Harrogate Town,RAMF,"RAMF, LAMF",England League Two 2025-26,25.0,150000,30/06/2026,no,1768,51.17,43.05,61.01,70.71,51.43,53.86,56.5,5.4,68.87,25.1,64.71,0.46,0.1,0.56,27.14,3.56,50.41,6.16,0.15,0.25,0.1,35.0,60.0,5.8,4.33,19.4,3.41,1.02,0.15,0.0,1.99
W. Alves,Huddersfield Town,Huddersfield Town,AMF,"AMF, LAMF, LWF",England League One 2025-26,20.0,0,30/06/2028,yes,498,60.91,22.51,61.48,89.49,54.94,40.19,56.47,3.07,76.47,24.94,78.26,0.0,0.05,0.9,35.71,2.53,66.67,4.34,0.9,0.18,0.13,50.0,53.85,4.34,4.7,16.67,2.17,0.0,0.0,0.0,0.0
J. Richards,Luton Town,Luton Town,RW,"RW, RAMF, AMF",England League One 2025-26,18.0,0,,no,1259,54.06,55.85,47.48,25.81,60.78,78.41,56.43,3.72,65.38,22.16,77.1,0.64,0.1,0.79,33.33,1.29,23.81,1.5,0.07,0.36,0.06,38.46,75.38,6.15,4.65,17.5,2.86,0.0,0.0,0.0,0.07
J. McAtee,Bolton Wanderers,Bolton Wanderers,AMF,"AMF, CF",England League One 2025-26,26.0,300000,30/06/2027,no,896,45.15,58.43,43.33,56.93,72.31,55.55,56.13,4.12,60.98,23.81,67.93,0.5,0.13,1.1,20.83,2.41,57.14,2.11,0.1,0.2,0.38,37.5,65.12,4.62,4.32,38.46,2.61,0.1,0.1,100.0,0.2
E. Taylor,Harrogate Town,Harrogate Town,RAMF,"RAMF, RW, AMF",England League Two 2025-26,22.0,200000,30/06/2027,no,2176,54.05,41.57,50.14,72.86,43.78,58.77,56.13,4.84,67.52,26.76,67.54,0.45,0.11,0.45,21.62,3.06,58.56,4.59,0.29,0.12,0.2,28.57,59.46,6.78,4.59,38.4,5.17,0.99,0.17,25.0,1.7
H. Anderson,Colchester United,Colchester United,LAMF,"LAMF, RAMF, LW",England League Two 2025-26,29.0,225000,30/06/2026,no,2423,46.88,42.68,50.84,50.33,75.5,71.08,55.76,3.94,66.98,20.5,71.74,0.37,0.09,0.82,37.93,1.08,48.0,1.86,0.22,0.33,0.22,45.45,63.41,6.8,6.09,40.31,4.79,0.0,0.0,0.0,0.0
H. Adelakun,Doncaster Rovers,Cheltenham Town,LW,"LW, CF, LWF",England League Two 2025-26,29.0,175000,30/06/2027,no,713,57.11,53.29,44.06,63.6,80.28,24.11,55.65,5.81,69.57,24.36,68.91,0.38,0.04,1.64,23.53,2.15,63.64,2.78,0.0,0.38,0.29,33.33,46.67,3.91,3.79,18.18,1.39,0.0,0.0,0.0,0.13
J. Morgan,Peterborough United,Peterborough United,AMF,"AMF, CF",England League One 2025-26,20.0,0,30/06/2027,yes,2342,51.65,42.55,20.91,65.12,94.45,50.74,54.88,3.61,59.57,23.44,75.9,0.42,0.09,0.69,13.64,0.85,69.23,1.5,0.15,0.46,0.36,33.33,56.25,5.69,4.92,20.0,2.11,0.08,0.08,50.0,0.0
B. Knight,Cambridge United,Cambridge United,AMF,"AMF, RAMF",England League Two 2025-26,23.0,200000,30/06/2028,no,2189,59.99,45.09,33.11,66.8,71.94,35.38,54.75,3.29,65.0,27.59,77.5,0.29,0.11,1.03,22.22,1.11,54.24,2.43,0.7,0.25,0.33,35.59,54.32,4.48,3.33,22.58,3.82,0.41,0.12,0.0,0.62
O. O'Neill,Leyton Orient,Leyton Orient,LAMF,"LAMF, AMF",England League One 2025-26,23.0,600000,30/06/2028,no,2640,50.0,40.73,40.51,69.79,51.43,66.61,54.67,3.38,73.74,24.2,69.86,0.38,0.08,0.75,24.0,1.7,62.5,3.0,0.34,0.14,0.16,45.95,61.94,7.06,5.28,25.35,7.4,0.27,0.0,0.0,1.3
S. Kaikai,Cambridge United,Cambridge United,AMF,"AMF, LAMF",England League Two 2025-26,30.0,250000,30/06/2027,no,2907,45.42,65.29,48.22,58.61,59.96,43.11,54.61,2.94,61.05,23.81,72.04,0.53,0.21,0.93,26.76,2.2,47.24,3.93,0.19,0.28,0.21,27.14,58.26,4.74,3.56,22.62,2.6,1.18,0.06,50.0,3.07
A. Sarcevic,Bradford City,Bradford City,AMF,AMF,England League One 2025-26,34.0,125000,30/06/2026,no,2964,54.55,44.84,43.24,50.98,65.45,57.55,54.14,3.77,73.39,27.51,68.76,0.46,0.05,0.94,23.53,2.06,51.02,1.49,0.21,0.24,0.23,41.86,60.53,6.16,4.62,33.79,6.65,0.0,0.0,0.0,0.06
J. Mullins,Wycombe Wanderers,Wycombe Wanderers,AMF,"AMF, RCMF, RDMF",England League One 2025-26,21.0,0,,no,2017,59.32,64.06,31.43,40.04,47.04,52.66,53.93,4.37,69.39,25.26,74.56,0.49,0.16,1.25,23.53,0.76,37.25,2.28,0.04,0.13,0.14,42.86,62.24,4.82,4.37,29.79,2.1,0.04,0.0,0.0,0.22
G. Holohan,Crawley Town,Crawley Town,AMF,"AMF, RCMF",England League Two 2025-26,34.0,100000,30/06/2026,no,864,92.14,27.66,55.66,49.92,9.03,32.55,53.35,7.08,67.65,40.83,76.02,0.31,0.03,0.52,33.33,2.19,50.0,1.88,0.1,0.0,0.07,7.14,44.19,5.83,4.48,53.19,4.9,0.0,0.0,0.0,0.21
G. Kodua,Luton Town,Luton Town,LW,"LW, RWB, RAMF",England League One 2025-26,21.0,0,30/06/2026,yes,2307,47.12,36.88,52.52,56.4,71.25,62.2,52.79,3.94,71.29,20.52,70.53,0.23,0.09,0.86,30.91,2.15,43.93,4.17,0.16,0.31,0.21,42.86,64.41,6.01,4.6,21.9,4.1,0.0,0.0,0.0,0.04
S. Whalley,Accrington Stanley,Accrington Stanley,AMF,"AMF, CF",England League Two 2025-26,38.0,50000,30/06/2026,no,2694,56.65,51.3,54.31,58.31,33.22,45.11,52.53,4.34,69.23,27.49,69.99,0.33,0.22,0.63,32.31,2.17,50.48,3.51,0.13,0.1,0.13,24.0,59.65,4.51,3.81,21.43,4.21,2.31,0.2,33.33,2.61
C. Grant,Notts County,Notts County,AMF,AMF,England League Two 2025-26,24.0,225000,30/06/2027,no,2312,61.43,34.63,36.11,47.37,48.04,70.71,52.46,3.97,56.86,29.58,76.84,0.27,0.08,0.7,25.0,1.09,51.52,1.28,0.04,0.12,0.21,35.0,64.67,6.58,5.84,20.56,4.17,0.08,0.0,0.0,0.23
B. Ilunga,Bromley,Bromley,RW,"RW, RAMF, LW",England League Two 2025-26,22.0,0,,no,572,30.16,52.66,79.67,77.01,13.67,73.34,52.43,3.93,76.0,15.26,60.82,0.47,0.2,0.47,41.67,3.78,51.16,6.77,0.31,0.0,0.08,14.29,67.57,6.29,5.82,29.63,4.25,0.0,0.0,0.0,0.0
S. Morris,Luton Town,Luton Town,RW,"RW, RAMF",England League One 2025-26,24.0,125000,31/05/2026,no,1072,39.05,19.85,72.6,85.99,57.95,64.83,52.26,2.77,63.64,23.09,67.27,0.17,0.05,0.34,30.19,4.45,65.28,6.04,0.34,0.25,0.17,35.71,62.3,6.72,5.12,25.0,2.69,0.0,0.0,0.0,0.0
B. Wiles,Milton Keynes Dons,Huddersfield Town,AMF,"AMF, RW",England League One 2025-26,26.0,2200000,30/06/2026,no,1402,76.9,31.2,29.2,59.93,45.54,36.87,52.16,4.37,79.41,29.08,81.68,0.26,0.03,0.83,20.0,0.96,51.72,1.86,0.58,0.19,0.15,26.92,62.16,3.34,2.38,25.58,2.76,0.19,0.13,0.0,0.06
N. Moriah-Welsh,Mansfield Town,Mansfield Town,RAMF,"RAMF, AMF",England League One 2025-26,24.0,300000,31/05/2027,no,2057,55.39,57.37,57.03,45.97,17.18,57.3,51.65,4.68,75.7,24.11,69.51,0.53,0.2,0.57,29.69,2.8,42.5,1.75,0.26,0.04,0.07,15.0,54.23,6.48,6.21,25.0,1.75,0.13,0.0,0.0,1.93
J. Earing,Barrow,Barrow,AMF,"AMF, LCMF, RCMF",England League Two 2025-26,27.0,100000,30/06/2026,no,1884,64.29,29.4,60.21,55.57,27.66,57.14,51.42,4.49,59.57,27.95,78.46,0.24,0.05,0.67,43.33,1.43,52.5,1.91,0.29,0.05,0.11,26.32,65.17,5.02,4.25,40.7,4.11,0.0,0.0,0.0,0.1
B. Lloyd,Newport County,Newport County,AMF,"AMF, RW, RAMF",England League Two 2025-26,21.0,0,30/06/2027,yes,1950,52.12,34.12,56.47,62.02,25.85,72.37,51.4,5.17,55.36,26.68,68.86,0.32,0.08,0.55,37.84,1.71,60.34,2.68,0.09,0.05,0.12,21.21,54.82,8.17,7.66,30.0,2.31,0.32,0.05,0.0,0.74
D. Frith,Peterborough United,Peterborough United,RAMF,"RAMF, RW, LAMF",England League One 2025-26,23.0,0,30/06/2028,no,1081,39.2,71.1,54.56,63.75,44.91,34.67,51.12,3.5,61.9,23.15,65.47,0.75,0.2,0.75,20.0,3.75,47.54,5.08,0.17,0.08,0.15,46.67,44.44,4.75,5.99,13.04,1.91,0.08,0.0,0.0,0.92
C. Whitaker,Tranmere Rovers,Tranmere Rovers,AMF,AMF,England League Two 2025-26,22.0,0,30/06/2027,no,2858,44.52,44.8,35.18,67.55,72.08,49.85,51.07,3.37,68.22,22.93,68.54,0.38,0.1,0.85,23.08,1.23,51.13,4.19,0.44,0.31,0.24,39.44,61.11,4.94,3.97,35.2,5.64,0.44,0.35,63.64,0.19
M. Ritchie,Reading,Reading,RAMF,RAMF,England League One 2025-26,36.0,1000000,30/06/2027,no,969,64.72,55.96,75.13,41.33,28.35,23.19,51.03,5.57,56.67,30.56,73.25,0.46,0.17,0.84,50.0,2.23,38.89,1.67,0.19,0.09,0.05,30.0,44.19,4.27,3.99,18.18,2.04,0.19,0.09,0.0,0.19
P. Patterson,Stevenage,Stevenage,LAMF,"LAMF, LW",England League One 2025-26,25.0,200000,,no,1261,43.85,41.91,82.05,77.18,29.85,40.95,50.72,3.57,64.0,20.48,71.43,0.36,0.18,0.29,35.82,4.78,54.12,6.07,0.36,0.07,0.07,33.33,56.52,5.07,3.28,25.0,1.43,0.71,0.07,0.0,1.64
C. Wright,Wigan Athletic,Wigan Athletic,AMF,"AMF, LCMF",England League One 2025-26,25.0,700000,30/06/2026,yes,3149,58.33,32.31,52.37,54.81,51.27,52.03,50.56,3.74,65.65,26.24,75.93,0.26,0.07,0.66,35.85,1.51,53.52,2.03,0.17,0.14,0.18,42.31,52.28,6.49,5.63,41.51,4.54,0.0,0.0,0.0,0.09
R. Darcy,Crawley Town,Crawley Town,AMF,AMF,England League Two 2025-26,25.0,400000,30/06/2027,yes,2469,77.85,37.68,33.26,52.13,44.78,25.21,50.46,3.35,73.91,32.11,84.22,0.22,0.1,0.87,21.88,1.17,48.0,1.82,0.33,0.11,0.18,35.71,52.44,3.17,2.99,0.0,0.58,1.13,0.04,0.0,1.57
J. Moorhouse,Manchester United U21,Leyton Orient,AMF,"AMF, LDMF, RDMF",England League One 2025-26,20.0,0,31/05/2026,no,990,81.78,34.1,0.0,56.42,18.56,57.39,50.44,3.18,85.71,30.91,85.59,0.36,0.08,0.45,0.0,0.27,45.45,2.0,0.64,0.0,0.05,28.57,64.44,5.45,4.09,21.43,2.55,0.0,0.0,0.0,0.0
B. House,Lincoln City,Lincoln City,LAMF,"LAMF, AMF, LW",England League One 2025-26,26.0,250000,30/06/2028,no,1962,36.4,41.61,31.2,41.18,65.35,100.0,50.09,2.71,55.93,17.39,74.14,0.32,0.1,0.83,25.0,0.55,43.33,1.38,0.05,0.18,0.24,51.43,56.03,10.92,10.64,30.91,5.05,0.0,0.0,0.0,0.0
L. Harris,Wycombe Wanderers,Wycombe Wanderers,LAMF,"LAMF, AMF, CF",England League One 2025-26,21.0,1000000,30/06/2026,yes,1327,50.93,42.19,37.75,42.87,67.88,62.11,50.01,3.12,52.17,25.57,76.92,0.41,0.07,0.81,23.81,1.42,46.15,0.88,0.14,0.14,0.31,52.17,56.32,7.19,5.9,29.82,3.87,0.0,0.0,0.0,0.14
E. Archer,Port Vale,Port Vale,AMF,"AMF, LAMF, LCMF",England League One 2025-26,23.0,0,30/06/2026,yes,862,36.05,60.56,50.37,61.59,29.35,64.07,49.55,4.39,47.62,24.85,62.61,0.52,0.26,0.42,17.14,3.65,60.0,2.61,0.1,0.1,0.11,20.0,63.27,6.26,5.12,44.83,3.03,0.73,0.1,100.0,3.86
C. Hamilton,Blackpool,Blackpool,LW,"LW, RWB, LWB",England League One 2025-26,31.0,500000,30/06/2026,no,2475,34.3,42.24,46.76,67.4,45.62,77.7,49.53,4.33,49.58,20.44,65.66,0.36,0.12,0.65,21.05,2.76,66.67,2.07,0.25,0.11,0.15,42.31,64.5,7.85,6.15,38.2,3.24,0.0,0.0,0.0,0.0
A. Henderson,Accrington Stanley,Accrington Stanley,AMF,"AMF, LCMF",England League Two 2025-26,21.0,0,30/06/2027,no,1465,50.86,26.93,56.71,51.57,58.7,63.17,48.95,5.41,59.09,28.94,63.27,0.31,0.06,0.31,40.91,1.35,56.0,1.54,0.0,0.18,0.13,57.14,58.7,6.94,5.65,35.38,7.99,0.18,0.18,66.67,0.18
Carlos Gomes,Exeter City,Exeter City,LAMF,"LAMF, AMF, CF",England League One 2025-26,27.0,300000,30/06/2026,yes,783,45.44,50.7,28.6,56.87,47.04,63.48,48.94,3.56,67.74,22.07,69.79,0.57,0.06,0.92,12.5,1.84,54.55,2.53,0.11,0.11,0.26,26.67,57.38,6.09,7.01,25.0,4.14,0.0,0.0,0.0,0.0
A. Martha,Rotherham United,Rotherham United,RWF,"RWF, RAMF, AMF",England League One 2025-26,22.0,1200000,,no,2518,50.23,42.73,60.96,60.12,25.67,53.72,48.88,3.29,69.57,22.63,73.46,0.36,0.1,0.79,36.92,2.32,53.01,2.97,0.25,0.04,0.09,27.78,52.27,6.22,6.29,27.16,2.9,0.07,0.0,0.0,0.68
D. O'Brien-Brady,Peterborough United,Peterborough United,AMF,"AMF, LDMF, LCMF",England League One 2025-26,22.0,0,,no,751,78.59,21.36,29.36,55.68,19.44,54.58,48.73,5.51,65.22,33.32,79.14,0.12,0.04,0.6,15.38,1.56,56.25,1.92,0.12,0.0,0.06,28.57,60.0,5.51,4.79,31.82,2.64,0.12,0.0,0.0,0.12
O. Irow,Mansfield Town,Mansfield Town,LAMF,"LAMF, CF, LW",England League One 2025-26,19.0,0,30/06/2028,yes,592,42.74,38.26,60.66,58.72,71.37,45.21,48.73,3.65,70.83,16.88,72.07,0.3,0.09,0.76,33.33,2.74,46.43,4.26,0.15,0.3,0.18,50.0,65.0,3.65,3.04,8.33,1.82,0.0,0.0,0.0,1.06
T. Fornah,Northampton Town,Northampton Town,LWF,"LWF, AMF, LW",England League One 2025-26,26.0,500000,30/06/2028,no,2240,49.92,47.3,77.91,68.07,15.81,34.0,48.49,3.05,76.32,20.53,74.17,0.56,0.11,0.48,39.18,3.9,50.93,4.34,0.44,0.0,0.04,25.0,56.0,3.98,3.01,23.19,2.77,0.0,0.0,0.0,0.04
S. Bell,Bristol City,Wycombe Wanderers,LAMF,"LAMF, CF, LW",England League One 2025-26,23.0,1200000,30/06/2026,no,1530,40.56,45.28,46.73,65.72,78.54,36.31,48.38,2.41,73.17,18.53,71.75,0.47,0.09,0.71,30.77,1.53,55.77,3.06,0.41,0.35,0.26,40.74,61.76,3.71,2.0,28.57,3.71,0.0,0.0,0.0,0.0
E. Hansson,Excelsior,Blackpool,LW,"LW, LCMF",England League One 2025-26,27.0,1500000,30/06/2026,no,611,49.05,46.46,64.48,68.88,0.0,54.56,48.23,4.27,48.28,25.78,72.57,0.59,0.07,0.59,35.0,2.95,56.25,2.36,0.74,0.0,0.01,0.0,71.43,3.68,3.09,16.67,0.88,0.88,0.0,0.0,0.88
K. Lisbie,Colchester United,Colchester United,RAMF,RAMF,England League Two 2025-26,22.0,0,30/06/2027,no,2964,21.69,42.42,54.92,75.44,90.25,53.27,47.98,2.64,62.07,15.24,62.55,0.39,0.1,0.7,24.76,3.19,56.17,4.92,0.46,0.33,0.37,48.44,60.14,5.62,4.34,20.63,1.91,0.0,0.0,0.0,0.06
T. Hall,Notts County,Notts County,AMF,"AMF, LWF",England League Two 2025-26,20.0,0,30/06/2029,yes,1634,63.06,19.6,19.01,58.69,87.2,43.54,47.94,3.47,60.32,28.31,80.16,0.06,0.02,0.77,10.0,1.1,53.33,2.48,0.28,0.39,0.21,57.89,50.0,5.56,5.4,28.57,1.93,0.11,0.0,0.0,0.33
K. Lisbie,Peterborough United,Peterborough United,LAMF,"LAMF, LW, RAMF",England League One 2025-26,22.0,0,30/06/2028,no,2949,29.3,60.3,50.75,65.27,82.92,31.56,47.85,2.26,68.92,15.05,68.15,0.67,0.1,0.95,25.88,2.59,49.64,4.24,0.37,0.34,0.33,39.29,53.33,3.63,3.66,21.88,1.95,0.0,0.0,0.0,0.09
D. Phillips,Stevenage,Stevenage,AMF,"AMF, RCMF",England League One 2025-26,25.0,225000,30/06/2026,no,2149,66.54,13.89,64.26,48.32,13.72,72.7,47.77,3.02,73.61,26.93,81.8,0.08,0.02,0.42,54.55,0.46,55.56,0.75,0.04,0.04,0.05,11.76,60.69,8.0,6.07,34.52,3.52,0.0,0.0,0.0,0.0
C. Deeming,Cheltenham Town,Cheltenham Town,RW,"RW, AMF, LCMF",England League Two 2025-26,19.0,0,30/06/2027,yes,460,45.71,28.05,55.2,57.21,13.17,91.6,47.41,4.11,57.14,24.85,68.5,0.39,0.09,0.0,28.57,2.74,58.33,2.35,0.0,0.0,0.04,20.0,62.79,9.2,8.41,28.57,4.11,0.59,0.2,0.0,2.15
K. Whitmore,,Newport County,AMF,"AMF, LCMF",England League Two 2025-26,25.0,0,,no,1154,50.26,32.07,43.35,62.17,46.29,57.24,47.22,4.91,66.67,21.53,70.29,0.23,0.1,0.55,29.41,1.33,55.32,3.67,0.08,0.23,0.16,19.05,56.41,5.93,6.08,30.0,1.56,0.0,0.0,0.0,0.0
J. Randall,Blackpool,Blackpool,AMF,AMF,England League One 2025-26,26.0,600000,30/06/2028,yes,1146,58.64,26.59,56.93,53.29,43.3,47.19,46.62,2.83,72.22,24.27,79.29,0.08,0.06,0.86,41.18,1.34,53.33,1.18,0.31,0.08,0.2,35.29,60.38,4.4,4.16,10.34,2.28,0.0,0.0,0.0,0.0
L. Bolton,Mansfield Town,Mansfield Town,RAMF,"RAMF, AMF, RWB",England League One 2025-26,26.0,500000,30/06/2027,no,701,41.95,33.69,49.42,67.97,56.07,52.49,46.5,3.08,54.17,25.16,69.39,0.39,0.03,0.64,20.83,3.08,53.85,5.01,0.13,0.13,0.25,41.67,59.46,5.26,4.75,30.0,3.85,0.0,0.0,0.0,0.0
M. Mothersille,Stockport County,Stockport County,AMF,"AMF, LWF, LW",England League One 2025-26,22.0,250000,30/06/2028,no,1041,40.92,27.58,63.71,63.73,52.93,59.48,46.5,3.2,67.57,23.17,66.04,0.17,0.06,0.69,25.53,4.06,43.64,4.76,0.43,0.09,0.21,50.0,71.05,4.67,3.29,18.75,2.77,0.0,0.0,0.0,0.17
T. Roberts,Mansfield Town,Mansfield Town,AMF,"AMF, CF",England League One 2025-26,27.0,2800000,30/06/2026,no,741,61.04,31.6,40.99,65.26,77.6,10.09,46.26,3.28,70.37,27.81,76.42,0.36,0.05,0.49,27.27,1.34,63.64,2.67,0.12,0.24,0.43,31.58,40.74,3.16,3.28,22.22,3.28,0.0,0.0,0.0,0.0
H. Tangen,Notts County,Notts County,AMF,"AMF, RCMF, LCMF",England League Two 2025-26,25.0,750000,31/12/2027,yes,515,63.22,41.74,0.73,38.58,15.81,84.22,45.57,3.32,42.11,32.33,82.16,0.35,0.02,1.22,0.0,0.35,37.5,1.4,0.17,0.0,0.04,25.0,64.1,8.74,6.82,28.57,3.67,0.0,0.0,0.0,0.0
T. McDermott,Shrewsbury Town,Shrewsbury Town,AMF,"AMF, RCMF",England League Two 2025-26,20.0,0,,yes,1876,50.6,41.19,17.73,62.22,19.25,72.87,45.56,4.65,59.79,24.37,70.47,0.38,0.03,1.06,10.0,0.96,58.33,2.3,0.29,0.05,0.11,10.34,63.2,7.34,6.0,27.16,3.89,0.14,0.1,0.0,0.05
D. Kyerewaa,Reading,Reading,LAMF,"LAMF, RWF, LWF",England League One 2025-26,24.0,250000,30/06/2027,no,2484,55.06,57.54,45.66,47.85,36.77,23.81,44.95,2.86,63.29,22.86,80.67,0.51,0.1,1.2,33.33,1.09,44.12,2.46,0.11,0.11,0.18,20.51,46.3,3.84,3.91,43.06,2.61,0.0,0.0,0.0,0.0
C. Whitely,Bromley,Bromley,RW,"RW, RAMF, LCMF",England League Two 2025-26,34.0,0,30/06/2026,no,2891,42.71,36.66,43.81,49.13,36.32,71.44,43.65,4.51,60.69,22.1,66.62,0.37,0.08,0.56,26.32,1.77,52.38,1.31,0.09,0.09,0.09,38.46,69.92,6.79,4.14,37.86,4.36,0.0,0.0,0.0,0.0
K. Payne,Oldham Athletic,Oldham Athletic,AMF,"AMF, LCMF",England League Two 2025-26,21.0,0,31/05/2026,no,1944,46.22,26.84,52.04,51.4,28.86,74.23,43.52,4.63,64.0,21.57,68.67,0.23,0.05,0.56,39.13,1.06,58.82,0.79,0.05,0.05,0.12,26.92,64.46,7.64,5.6,41.18,3.94,0.05,0.05,0.0,0.0
O. Lunt,Crewe Alexandra,Crewe Alexandra,AMF,"AMF, RDMF",England League Two 2025-26,21.0,0,30/06/2026,no,2329,39.55,32.38,58.48,51.13,26.28,77.76,43.5,3.48,53.33,21.25,70.73,0.31,0.07,0.54,47.37,0.73,55.17,1.12,0.12,0.08,0.06,26.32,58.85,8.35,7.42,30.61,3.79,0.0,0.0,0.0,0.0
T. Harris,Luton Town,Tranmere Rovers,AMF,"AMF, CF, RAMF",England League Two 2025-26,20.0,0,,no,531,30.01,40.73,35.47,84.51,47.04,52.24,43.1,2.37,50.0,18.81,70.27,0.34,0.05,1.02,14.29,2.37,78.95,3.22,0.34,0.17,0.18,28.57,59.38,4.58,5.42,13.64,3.73,0.0,0.0,0.0,0.0
C. Wellens,Leyton Orient,Leyton Orient,AMF,AMF,England League One 2025-26,23.0,0,30/06/2027,no,2173,44.22,44.77,47.83,42.79,33.8,57.9,42.38,4.14,66.0,22.95,66.43,0.41,0.12,0.66,26.42,2.2,47.83,0.95,0.04,0.08,0.11,32.26,65.66,5.18,4.1,12.71,4.89,1.33,0.21,0.0,2.77
V. Yoganathan,Barnsley,Barnsley,RAMF,"RAMF, RDMF, AMF",England League One 2025-26,20.0,0,30/06/2028,no,1544,59.51,11.08,37.21,46.19,39.99,71.56,42.32,2.8,72.92,26.52,77.36,0.12,0.01,0.23,30.0,0.58,47.62,1.22,0.17,0.17,0.13,23.53,63.54,7.34,5.6,54.84,5.42,0.0,0.0,0.0,0.0
G. Hall,Port Vale,Port Vale,RW,"RW, RCMF, RWB",England League One 2025-26,21.0,0,30/06/2028,no,2144,20.56,51.38,62.16,62.42,24.78,71.65,41.98,2.18,59.62,16.25,62.79,0.5,0.17,0.5,36.07,2.56,48.72,3.27,0.5,0.04,0.09,26.09,60.0,7.35,6.72,23.3,4.32,0.38,0.08,0.0,0.5
C. Agius,Crewe Alexandra,Crewe Alexandra,LAMF,LAMF,England League Two 2025-26,20.0,0,,no,3157,45.95,27.95,33.48,55.23,52.6,59.59,41.91,3.71,55.38,20.24,75.77,0.26,0.07,0.43,25.0,0.8,60.53,1.08,0.11,0.17,0.15,44.12,59.3,5.96,5.67,19.0,2.85,0.14,0.0,0.0,0.09
F. Onyedinma,Wycombe Wanderers,Wycombe Wanderers,RAMF,"RAMF, CF, LAMF",England League One 2025-26,29.0,500000,,no,3511,34.03,39.25,51.48,60.36,74.28,36.44,41.82,1.67,56.92,17.87,74.75,0.46,0.1,0.36,32.86,1.79,55.36,2.87,0.18,0.26,0.24,53.13,52.35,4.31,4.36,41.73,7.13,0.0,0.0,0.0,0.0
B. Thompson,Bromley,Bromley,AMF,"AMF, RCMF",England League Two 2025-26,30.0,275000,,no,1306,37.14,31.03,15.19,45.76,93.9,66.37,41.69,3.45,66.0,20.33,65.76,0.21,0.05,0.83,5.56,1.24,46.15,1.79,0.07,0.48,0.32,35.14,72.92,5.58,3.31,43.14,7.03,0.21,0.07,100.0,0.34
O. Hammond,Oldham Athletic,Oldham Athletic,AMF,"AMF, CF, RCMF",England League Two 2025-26,23.0,0,30/06/2027,no,641,60.78,48.98,40.64,44.65,34.08,18.58,41.54,5.05,63.89,30.19,69.77,0.28,0.11,1.26,23.08,1.83,50.0,1.12,0.0,0.0,0.18,36.36,45.83,3.37,3.37,26.32,2.67,0.0,0.0,0.0,0.0
Z. Obiero,Tranmere Rovers,Tranmere Rovers,AMF,"AMF, LCMF",England League Two 2025-26,21.0,0,30/06/2028,yes,958,54.99,11.71,18.01,63.34,56.82,61.07,41.54,3.19,58.82,24.8,78.79,0.09,0.02,0.28,11.11,0.85,50.0,2.25,0.75,0.19,0.14,50.0,60.32,5.73,5.92,24.32,3.48,0.0,0.0,0.0,0.09
A. Higgins,Exeter City,Exeter City,AMF,"AMF, LWB, LWF",England League One 2025-26,20.0,0,30/06/2026,yes,1160,47.9,25.13,68.12,64.95,37.0,35.22,41.45,3.1,62.5,20.79,76.49,0.23,0.05,0.47,40.0,2.72,50.0,4.34,0.31,0.08,0.13,35.0,53.7,3.8,4.19,22.73,3.41,0.0,0.0,0.0,0.0
I. Fletcher,Barrow,Barrow,AMF,"AMF, CF, LWF",England League Two 2025-26,23.0,0,30/06/2027,no,1530,28.04,42.85,32.65,51.26,92.2,48.61,40.64,3.88,54.55,21.47,59.18,0.35,0.13,0.65,22.22,1.06,55.0,1.18,0.12,0.35,0.36,50.0,57.32,5.0,4.82,32.18,11.88,0.06,0.06,0.0,0.0
O. Dale,Plymouth Argyle,Plymouth Argyle,LW,"LW, RW, LAMF",England League One 2025-26,27.0,450000,31/05/2026,yes,1530,33.97,43.0,49.69,55.79,27.54,63.1,40.47,3.41,62.07,21.65,63.04,0.47,0.09,0.59,20.75,3.12,46.81,2.76,0.35,0.06,0.08,29.17,51.92,8.53,6.12,45.45,2.59,0.53,0.12,0.0,1.12
I. Davies,Cardiff City,Cardiff City,LAMF,"LAMF, RAMF",England League One 2025-26,24.0,1500000,30/06/2029,no,925,29.49,21.94,38.43,80.34,72.23,50.05,39.65,1.36,42.86,19.36,74.87,0.1,0.04,0.68,14.81,2.63,54.9,4.96,0.78,0.39,0.11,46.15,59.62,4.38,5.06,23.26,4.18,0.0,0.0,0.0,0.29
J. Roberts,Stevenage,Stevenage,RAMF,"RAMF, LWB",England League One 2025-26,32.0,300000,,no,2070,40.51,32.26,46.13,56.19,37.55,54.79,39.25,4.13,69.47,21.96,63.37,0.22,0.05,0.87,20.97,2.7,55.56,1.96,0.17,0.09,0.1,39.13,59.78,6.39,4.0,32.24,7.96,0.04,0.0,0.0,0.0
I. Sinclair,Accrington Stanley,Accrington Stanley,AMF,"AMF, RCMF",England League Two 2025-26,24.0,0,,no,3064,39.95,32.39,36.02,57.58,37.21,61.32,39.25,3.0,63.73,22.09,68.35,0.29,0.07,0.59,23.81,1.23,62.79,1.26,0.09,0.12,0.08,36.11,64.71,6.32,3.99,41.38,6.81,0.0,0.0,0.0,0.0
D. Kemp,Stevenage,Stevenage,AMF,AMF,England League One 2025-26,27.0,300000,30/06/2028,no,2614,49.26,36.63,47.26,53.3,36.63,33.76,39.13,2.72,75.95,19.8,75.65,0.34,0.07,0.69,29.41,1.76,50.85,2.03,0.21,0.14,0.13,22.86,52.17,4.17,3.96,15.38,2.69,0.1,0.0,0.0,0.14
M. Dickov,Tranmere Rovers,Mansfield Town,LAMF,"LAMF, RW, RAMF",England League One 2025-26,23.0,0,30/06/2026,yes,487,43.9,31.17,53.84,44.11,18.44,68.27,39.03,4.62,68.0,20.51,66.67,0.18,0.08,0.74,28.57,2.59,36.36,2.03,0.37,0.0,0.02,33.33,67.86,5.73,5.17,17.65,3.14,0.0,0.0,0.0,0.18
C. Kavanagh,Oldham Athletic,Bradford City,AMF,"AMF, LW",England League One 2025-26,22.0,225000,30/06/2028,no,524,40.97,32.32,38.66,39.53,47.42,67.96,39.02,2.06,83.33,17.35,71.29,0.34,0.06,0.52,25.0,1.37,31.25,2.75,0.17,0.0,0.25,50.0,67.86,6.01,4.81,17.65,5.84,0.0,0.0,0.0,0.0
C. Campbell,Stevenage,Stevenage,LAMF,"LAMF, AMF",England League One 2025-26,23.0,900000,30/06/2026,no,1302,38.39,16.52,47.35,67.2,66.73,46.13,38.59,2.42,62.86,19.7,71.93,0.14,0.02,0.41,27.59,2.0,59.32,4.08,0.07,0.28,0.15,50.0,60.71,4.35,3.87,44.74,2.63,0.0,0.0,0.0,0.07
B. Bodin,Swindon Town,Swindon Town,RAMF,"RAMF, RW, RWF",England League Two 2025-26,34.0,150000,30/06/2026,no,950,44.39,27.32,17.42,48.36,75.59,50.63,38.09,2.84,50.0,24.06,74.8,0.19,0.07,0.57,9.09,1.04,53.85,1.23,0.0,0.38,0.17,44.44,72.73,3.41,2.08,25.76,6.25,0.09,0.0,0.0,0.28
C. Stead,Barnet,Barnet,AMF,"AMF, CF",England League Two 2025-26,26.0,0,30/06/2026,no,2453,36.74,31.69,17.83,41.33,63.57,73.27,37.68,2.2,56.67,19.67,73.32,0.22,0.05,0.84,13.33,0.55,41.67,1.32,0.15,0.22,0.22,43.75,68.31,6.64,5.21,27.69,7.15,0.0,0.0,0.0,0.15
B. Krauhaus,Bromley,Bromley,AMF,"AMF, LCMF, RCMF",England League Two 2025-26,21.0,0,30/06/2027,no,1918,34.05,20.6,35.81,54.78,26.53,80.83,34.69,1.88,70.0,16.24,71.68,0.19,0.05,0.33,26.32,0.89,53.66,1.92,0.19,0.05,0.13,20.83,63.25,7.32,7.79,28.57,3.28,0.0,0.0,0.0,0.0
A. Odoh,Peterborough United,Peterborough United,LAMF,"LAMF, LW, RAMF",England League One 2025-26,25.0,275000,30/06/2027,no,669,46.33,25.81,21.73,68.29,13.17,53.53,34.55,2.96,59.09,23.0,74.27,0.13,0.04,0.81,8.33,1.61,51.52,4.44,0.4,0.0,0.04,20.0,68.18,4.57,2.96,27.27,1.48,0.0,0.0,0.0,0.13
L. Cirino,Gillingham,Gillingham,LAMF,"LAMF, LWB, LB",England League Two 2025-26,23.0,0,30/06/2026,no,492,13.39,22.54,65.38,59.07,47.92,77.68,33.78,3.66,45.0,19.21,53.33,0.18,0.13,0.0,31.58,3.48,37.5,5.85,0.18,0.18,0.15,33.33,57.14,8.6,7.68,57.14,3.84,0.0,0.0,0.0,0.91
C. McAleny,Fylde,Harrogate Town,AMF,"AMF, LAMF",England League Two 2025-26,33.0,100000,30/06/2026,yes,980,29.66,17.28,27.57,76.0,56.39,52.04,33.09,1.47,68.75,16.35,69.66,0.18,0.05,0.18,18.18,1.01,54.29,3.21,1.01,0.18,0.27,29.41,61.54,4.5,4.78,25.0,2.57,0.0,0.0,0.0,0.09
A. Scully,Shrewsbury Town,Shrewsbury Town,AMF,"AMF, CF, LWF",England League Two 2025-26,26.0,200000,30/06/2026,no,1810,34.66,36.03,19.15,61.65,42.07,45.7,32.88,2.83,61.4,20.69,66.83,0.3,0.08,0.7,12.5,0.8,54.55,1.64,0.6,0.15,0.11,34.62,65.63,3.43,3.18,16.22,1.84,0.3,0.15,66.67,0.0
J. McKiernan,Burton Albion,Burton Albion,AMF,"AMF, RCMF, LCMF",England League One 2025-26,24.0,0,30/06/2028,yes,1439,47.48,19.13,46.02,45.84,24.46,50.49,32.44,4.07,64.62,20.51,72.56,0.19,0.04,0.31,33.33,1.13,44.83,1.81,0.13,0.06,0.12,16.67,50.54,6.5,5.82,42.19,4.0,0.06,0.0,0.0,0.13
C. McGeehan,Northampton Town,Northampton Town,RWF,"RWF, AMF, RW",England League One 2025-26,31.0,375000,30/06/2026,no,2479,41.63,10.96,50.39,47.54,79.03,31.26,32.22,2.32,68.75,17.83,75.15,0.07,0.02,0.29,41.18,0.62,50.0,1.16,0.15,0.22,0.38,46.43,52.22,4.28,3.27,34.88,6.24,0.07,0.07,50.0,0.0
G. Maris,Mansfield Town,Mansfield Town,AMF,"AMF, DMF",England League One 2025-26,29.0,300000,30/06/2026,no,556,64.74,30.94,3.45,53.72,27.22,17.69,32.13,3.4,47.62,33.99,79.52,0.16,0.16,0.32,0.0,0.65,55.56,1.46,0.16,0.0,0.2,20.0,42.86,4.05,3.4,31.58,3.08,0.0,0.0,0.0,1.78
M. Spellman,Newport County,Newport County,RW,"RW, RCMF, RAMF",England League Two 2025-26,23.0,0,30/06/2026,no,1808,26.68,19.92,37.02,58.57,61.5,58.0,32.03,3.14,49.21,16.23,68.1,0.15,0.04,0.45,25.0,1.19,49.15,2.94,0.35,0.25,0.16,44.12,54.55,6.72,6.02,30.85,4.68,0.05,0.0,0.0,0.25
S. Solomon,Tranmere Rovers,Tranmere Rovers,AMF,"AMF, RW, DMF",England League Two 2025-26,25.0,0,30/06/2026,no,497,35.42,28.46,62.99,36.33,25.46,55.62,31.41,4.53,44.0,26.98,60.4,0.18,0.09,0.54,38.46,2.35,33.33,1.63,0.18,0.0,0.1,33.33,53.57,7.42,5.07,23.81,3.8,1.63,0.18,0.0,2.54
J. Lankester,Crewe Alexandra,Crewe Alexandra,RAMF,"RAMF, RW",England League Two 2025-26,26.0,325000,30/06/2027,no,482,46.03,41.51,27.45,53.19,28.1,20.33,30.97,4.67,68.0,23.15,65.32,0.37,0.06,0.93,8.33,2.24,50.0,2.24,0.19,0.0,0.21,20.0,38.24,3.17,6.35,16.67,2.24,0.19,0.19,0.0,0.0
H. Adelakun,Doncaster Rovers,Doncaster Rovers,LW,"LW, CF, LAMF",England League One 2025-26,29.0,175000,30/06/2027,no,940,39.74,34.79,39.33,58.64,26.94,15.21,27.42,3.54,59.46,22.69,67.09,0.38,0.09,0.38,23.53,1.63,60.87,2.2,0.0,0.1,0.09,18.75,43.24,3.26,3.54,14.29,1.34,0.1,0.1,0.0,0.0
R. Williams,Reading,Reading,RAMF,"RAMF, LAMF, LWB",England League One 2025-26,29.0,450000,30/06/2027,no,1076,17.76,21.46,50.93,65.4,41.64,49.49,26.63,3.85,43.48,17.73,58.49,0.25,0.06,0.17,26.67,2.51,58.62,2.43,0.42,0.17,0.09,33.33,54.24,6.02,4.93,29.55,3.68,0.0,0.0,0.0,0.0
K. Lolos,Crawley Town,Crawley Town,AMF,"AMF, CF",England League Two 2025-26,25.0,0,,yes,852,37.21,18.2,19.6,57.82,42.75,37.74,25.39,3.17,50.0,22.5,69.48,0.11,0.01,0.63,12.5,0.85,55.17,3.06,0.0,0.11,0.23,23.53,58.33,4.54,2.54,26.32,2.01,0.32,0.21,50.0,0.21
W. Dickson,Chesterfield,Chesterfield,AMF,"AMF, CF, LAMF",England League Two 2025-26,21.0,0,30/06/2027,no,665,32.75,28.04,46.84,35.75,92.32,0.0,24.28,1.35,50.0,15.02,80.18,0.27,0.07,0.41,33.33,1.22,28.57,0.95,0.54,0.41,0.25,57.14,36.84,2.84,2.57,20.0,2.71,0.0,0.0,0.0,0.0
B. Andrésson,Stockport County,Stockport County,AMF,"AMF, CF, RWF",England League One 2025-26,20.0,0,30/06/2028,no,712,21.55,23.52,4.45,56.91,84.29,38.17,23.59,1.52,50.0,14.66,70.69,0.0,0.04,1.01,0.0,0.76,62.5,1.01,0.13,0.25,0.4,47.37,59.09,4.17,2.78,35.0,5.06,0.0,0.0,0.0,0.0
K. Simon-Swyer,Northampton Town,Northampton Town,LWF,"LWF, RWB, AMF",England League One 2025-26,23.0,250000,30/06/2027,no,1399,30.2,9.63,37.82,68.45,15.45,50.84,23.42,2.57,60.0,18.59,66.78,0.0,0.01,0.45,15.79,2.44,51.95,4.95,0.26,0.0,0.08,17.65,54.43,6.11,5.08,35.63,5.6,0.0,0.0,0.0,0.0
P. Lane,Reading,Reading,LAMF,"LAMF, RWF, LW",England League One 2025-26,25.0,0,30/06/2028,no,1814,32.96,16.93,48.9,46.78,37.43,33.03,22.88,3.27,57.58,20.59,65.3,0.15,0.03,0.35,27.91,2.13,50.0,1.39,0.05,0.1,0.13,32.0,53.03,4.42,3.27,25.76,3.27,0.0,0.0,0.0,0.05
D. Watmore,Rotherham United,Rotherham United,AMF,"AMF, CF, LAMF",England League One 2025-26,32.0,900000,30/06/2026,no,636,45.14,27.18,60.04,23.54,7.02,15.78,19.02,1.56,63.64,20.8,78.91,0.42,0.02,0.28,50.0,0.57,20.0,1.42,0.14,0.0,0.09,0.0,55.56,1.84,1.27,18.18,3.11,0.0,0.0,0.0,0.0
R. Sotiriou,Hapoel Jerusalem,Bristol Rovers,AMF,"AMF, CF, LW",England League Two 2025-26,25.0,500000,30/06/2028,no,739,24.43,21.66,21.65,41.8,27.22,49.26,16.7,2.19,44.44,17.29,69.72,0.12,0.02,0.73,14.29,0.85,34.78,2.8,0.12,0.0,0.14,30.0,66.67,3.78,3.29,32.35,4.14,0.0,0.0,0.0,0.0
H. Bettoni,Wigan Athletic,Wigan Athletic,AMF,"AMF, CF",England League One 2025-26,18.0,0,,no,738,0.0,20.04,20.1,63.26,76.14,14.36,8.42,1.71,42.86,13.29,55.96,0.24,0.06,0.12,10.0,1.22,63.16,2.32,0.12,0.37,0.24,35.71,50.0,2.32,2.2,28.57,3.41,1.46,0.24,100.0,1.83
W. Keane,Reading,Reading,AMF,"AMF, CF, RCMF",England League One 2025-26,33.0,900000,30/06/2026,yes,578,18.78,0.0,40.03,0.0,68.86,24.95,0.0,1.56,20.0,16.66,75.7,0.0,0.0,0.0,33.33,0.47,0.0,0.47,0.0,0.31,0.2,40.0,50.0,3.43,3.43,28.0,7.79,0.0,0.0,0.0,0.0
