Player,Team,Team within selected timeframe,Main Position,Position,League,Age,Market value,Contract expires,On loan,Minutes played,Defending Att,Aerial Att,Pass Retention Att,Pass Progression Att,Discipline Att,CB Rating,"Defensive duels won, %",PAdj Interceptions,PAdj Sliding tackles,Successful defensive actions per 90,Shots blocked per 90,"Aerial duels won, %",Aerial duels per 90,"Accurate short / medium passes, %",Short / medium passes per 90,Received passes per 90,Progressive passes per 90,"Accurate progressive passes, %",Fouls per 90,Yellow cards per 90,Red cards per 90,Free kicks per 90,Direct free kicks per 90,"Direct free kicks on target, %",Corners per 90
R. Tafazolli,Swindon Town,Swindon Town,LCB,"LCB, CB",England League Two 2025-26,34.0,175000,30/06/2026,no,1676,75.34,79.97,48.0,48.14,80.78,100.0,81.25,10.53,0.08,9.61,1.4,69.23,8.38,80.69,29.75,17.08,8.38,51.92,0.43,0.16,0.0,0.0,0.0,0.0,0.0
A. O'Connor,Harrogate Town,Harrogate Town,RCB,"RCB, CB",England League Two 2025-26,33.0,200000,30/06/2027,no,2373,75.27,84.09,53.51,56.07,64.64,99.45,70.16,9.86,0.68,10.96,1.82,67.44,9.79,85.66,28.03,15.02,8.0,59.72,0.68,0.27,0.0,0.04,0.04,100.0,0.0
C. Forino-Joseph,Bolton Wanderers,Bolton Wanderers,RCB,"RCB, LCB, CB",England League One 2025-26,25.0,0,30/06/2027,no,2150,61.63,85.22,80.57,44.28,74.17,96.2,77.48,8.89,0.51,9.04,0.67,71.71,8.58,92.5,43.53,31.44,5.02,60.83,0.59,0.17,0.0,0.0,0.0,0.0,0.0
S. Negru,Tranmere Rovers,Tranmere Rovers,RCB,"RCB, LCB, CB",England League Two 2025-26,23.0,0,31/05/2026,no,1359,75.1,68.56,46.68,53.81,89.52,95.75,76.06,9.94,0.44,11.32,1.32,63.64,8.01,81.22,27.15,15.83,8.01,57.85,0.46,0.0,0.0,0.0,0.0,0.0,0.0
S. Lavelle,Grimsby Town,Grimsby Town,RCB,RCB,England League Two 2025-26,29.0,275000,30/06/2027,no,555,80.48,49.92,64.47,67.19,94.76,95.32,78.13,11.32,0.57,10.86,0.97,54.35,7.46,89.5,32.43,20.59,8.92,65.45,0.32,0.0,0.0,0.0,0.0,0.0,0.0
J. Sanders,Milton Keynes Dons,Milton Keynes Dons,RCB,"RCB, LCB",England League Two 2025-26,27.0,175000,31/05/2026,no,2886,78.65,76.92,57.7,45.88,50.52,93.23,77.39,10.27,0.75,12.13,0.72,58.31,11.44,85.07,32.99,19.65,7.73,52.42,1.09,0.25,0.0,0.0,0.0,0.0,0.0
B. Faulkner,Harrogate Town,Harrogate Town,LCB,"LCB, RCB",England League Two 2025-26,21.0,0,30/06/2026,yes,1113,77.03,73.69,53.57,17.15,70.43,92.24,75.0,8.17,1.46,11.0,0.81,58.21,10.84,83.59,31.54,17.39,6.55,33.33,0.97,0.0,0.0,0.0,0.0,0.0,0.0
J. Feeney,Huddersfield Town,Huddersfield Town,RCB,"RCB, CB",England League One 2025-26,20.0,500000,30/06/2027,yes,1987,66.36,73.28,70.75,56.67,64.95,89.09,82.09,7.5,0.53,10.51,0.68,69.48,6.98,90.21,36.55,26.59,6.7,64.86,0.82,0.18,0.0,0.0,0.0,0.0,0.0
L. Ness,Notts County,Notts County,CB,"CB, RCB",England League Two 2025-26,24.0,0,30/06/2027,no,1009,58.4,82.08,75.13,39.14,69.06,88.34,80.7,8.24,0.15,9.19,0.71,69.39,8.74,89.35,42.73,30.95,6.69,50.67,0.71,0.18,0.0,0.0,0.0,0.0,0.0
P. Bauer,AFC Wimbledon,AFC Wimbledon,CB,"CB, RCB",England League One 2025-26,33.0,300000,30/06/2026,no,1144,58.12,94.8,39.92,59.91,58.69,87.65,72.83,8.22,0.69,11.33,0.39,73.6,9.83,79.31,22.81,12.98,8.26,61.9,1.02,0.16,0.0,0.08,0.0,0.0,0.0
J. Turnbull,Tranmere Rovers,Tranmere Rovers,LCB,"LCB, CB",England League Two 2025-26,31.0,275000,30/06/2027,no,837,60.15,89.79,48.38,61.61,54.82,86.94,78.26,7.94,0.53,9.03,0.75,71.11,9.68,83.7,24.41,14.95,8.06,64.0,0.86,0.32,0.0,0.11,0.0,0.0,0.0
D. Okagbue,Peterborough United,Peterborough United,LCB,"LCB, RCB",England League One 2025-26,22.0,125000,30/06/2029,no,2193,46.7,77.56,83.01,50.72,93.42,86.23,74.71,8.05,0.06,8.08,0.82,73.72,6.4,91.14,48.63,34.6,7.72,56.38,0.29,0.04,0.0,0.0,0.0,0.0,0.0
J. Mazionis,Cheltenham Town,Cheltenham Town,LCB,"LCB, RCB",England League Two 2025-26,19.0,0,31/05/2026,no,499,85.84,94.9,26.85,0.0,6.07,85.41,77.14,9.81,1.12,11.9,1.08,75.0,9.38,75.27,16.77,5.59,5.23,24.14,1.8,0.54,0.0,0.0,0.0,0.0,0.0
M. Demetriou,Crewe Alexandra,Crewe Alexandra,LCB,"LCB, CB",England League Two 2025-26,36.0,75000,30/06/2026,no,3217,49.13,79.73,60.48,70.67,87.21,85.07,72.34,7.97,0.29,8.42,0.95,62.14,10.71,85.84,32.59,23.67,9.34,66.77,0.39,0.08,0.0,0.03,0.0,0.0,0.0
T. Warren,Grimsby Town,Grimsby Town,RCB,RCB,England League Two 2025-26,27.0,150000,30/06/2026,no,1474,71.94,61.02,66.66,58.6,62.66,84.75,72.03,7.56,1.83,10.2,0.55,65.63,5.86,89.44,32.97,24.85,7.33,64.17,0.98,0.12,0.0,0.0,0.0,0.0,0.0
F. Rawson,Accrington Stanley,Accrington Stanley,CB,"CB, RCB",England League Two 2025-26,29.0,225000,30/06/2028,no,2786,55.28,92.68,35.29,28.82,72.87,84.2,77.91,7.83,0.19,9.85,0.71,69.79,10.69,80.0,17.93,6.98,5.23,47.53,0.74,0.1,0.0,0.0,0.0,0.0,0.0
S. Swinkels,Chesterfield,Chesterfield,LCB,LCB,England League Two 2025-26,22.0,150000,30/06/2026,yes,1787,51.3,69.65,73.13,62.4,92.43,83.99,82.11,7.18,0.0,8.16,0.71,60.22,9.37,90.05,38.98,29.16,9.87,58.16,0.3,0.05,0.0,0.0,0.0,0.0,0.0
C. Heffernan,Harrogate Town,Harrogate Town,RCB,"RCB, LCB",England League Two 2025-26,20.0,0,,no,1789,54.75,72.38,49.86,58.71,88.68,82.18,85.29,5.99,0.14,8.85,0.7,62.3,9.21,83.5,25.61,17.26,9.81,55.38,0.4,0.05,0.0,0.0,0.0,0.0,0.0
M. Wallace,Huddersfield Town,Huddersfield Town,CB,"CB, LCB",England League One 2025-26,33.0,900000,30/06/2027,no,2698,40.76,92.8,69.87,61.38,70.82,82.15,71.05,8.01,0.1,9.21,0.43,70.61,10.44,88.85,37.39,28.05,8.44,62.45,0.63,0.2,0.0,0.0,0.0,0.0,0.0
T. Lees,Peterborough United,Peterborough United,RCB,RCB,England League One 2025-26,35.0,500000,,no,2382,43.09,71.68,97.37,63.95,86.69,81.85,78.89,6.67,0.11,7.25,0.57,71.79,5.89,93.24,58.72,45.91,8.43,64.57,0.3,0.08,0.04,0.0,0.0,0.0,0.0
N. Tavares,Barnet,Barnet,LCB,"LCB, CB",England League Two 2025-26,27.0,0,30/06/2028,no,3005,52.46,77.73,60.28,46.89,78.07,81.24,77.91,7.57,0.32,8.3,0.69,71.73,7.1,88.69,30.73,16.35,6.95,56.03,0.54,0.09,0.03,0.0,0.0,0.0,0.0
T. Wilson-Brown,Swindon Town,Swindon Town,LCB,"LCB, LB",England League Two 2025-26,21.0,0,31/05/2026,yes,1369,59.6,74.26,61.4,53.61,61.67,80.83,76.77,6.09,1.07,9.4,0.66,58.9,10.72,86.17,32.8,24.32,8.41,56.25,0.99,0.13,0.0,0.0,0.0,0.0,0.0
Julio Pleguezuelo,Plymouth Argyle,Plymouth Argyle,RCB,RCB,England League One 2025-26,29.0,1500000,30/06/2027,no,455,62.72,71.91,71.95,60.19,48.27,80.67,87.5,8.97,0.0,9.3,0.2,60.0,9.89,91.43,34.62,27.69,7.71,64.1,0.59,0.59,0.0,0.0,0.0,0.0,0.0
J. Wright,Bradford City,Bradford City,CB,"CB, RCB",England League One 2025-26,31.0,350000,,no,1730,67.48,73.35,36.23,35.16,63.93,80.39,75.0,9.7,0.24,10.56,1.3,61.17,9.78,77.23,23.31,11.13,6.92,46.62,0.88,0.16,0.0,0.0,0.0,0.0,0.0
P. Chinedu,Barnet,Barnet,LCB,"LCB, LB",England League Two 2025-26,19.0,0,30/06/2027,no,529,100.0,38.29,28.37,54.06,45.35,80.09,83.78,10.0,1.94,11.57,0.34,44.9,8.34,70.87,21.61,17.01,7.83,58.7,1.36,0.17,0.0,0.0,0.0,0.0,0.0
J. Bolton,Fleetwood Town,Fleetwood Town,CB,"CB, RCB",England League Two 2025-26,31.0,250000,30/06/2026,no,1531,61.93,76.94,56.47,48.06,50.93,79.51,73.2,9.71,0.16,11.4,0.94,64.38,9.41,86.06,29.1,18.75,7.47,55.12,0.94,0.24,0.06,0.0,0.0,0.0,0.0
C . Nelson,Milton Keynes Dons,Milton Keynes Dons,CB,CB,England League Two 2025-26,32.0,700000,30/06/2026,no,1377,47.48,90.61,41.44,47.78,71.77,79.36,78.69,6.91,0.2,7.84,0.65,71.62,9.67,79.95,23.79,12.94,8.04,52.85,0.72,0.13,0.0,0.0,0.0,0.0,0.0
M. Pearson,Doncaster Rovers,Doncaster Rovers,LCB,"LCB, RCB, CB",England League One 2025-26,32.0,1200000,30/06/2027,no,2235,49.87,77.43,58.51,58.81,74.86,78.78,73.0,8.39,0.36,8.78,0.6,67.14,8.58,86.13,30.2,21.54,8.38,60.58,0.72,0.08,0.0,0.0,0.0,0.0,0.0
B. Heneghan,Port Vale,Port Vale,CB,"CB, RCB",England League One 2025-26,32.0,225000,30/06/2026,no,1503,59.09,74.41,53.87,67.05,54.55,78.13,73.26,8.85,0.49,10.6,0.66,63.82,9.1,85.36,26.59,18.62,9.04,64.9,0.9,0.3,0.0,0.0,0.0,0.0,0.0
T. Vassell,Crawley Town,Crawley Town,CB,"CB, LCB",England League Two 2025-26,29.0,175000,30/06/2026,no,664,87.71,23.25,73.43,50.28,72.65,77.99,80.0,11.43,0.95,11.39,0.68,43.18,5.96,91.87,38.36,24.67,5.83,62.79,0.68,0.14,0.0,0.0,0.0,0.0,0.0
M. Ekpiteta,Milton Keynes Dons,Milton Keynes Dons,RCB,"RCB, CB",England League Two 2025-26,30.0,700000,31/05/2027,no,3450,54.05,75.18,51.02,33.77,76.35,77.18,81.96,7.13,0.16,9.03,0.57,64.72,8.95,83.49,27.81,16.98,6.08,48.5,0.68,0.08,0.0,0.0,0.0,0.0,0.0
M. de Gevigney,Barnsley,Barnsley,RCB,"RCB, RB",England League One 2025-26,26.0,500000,30/06/2026,no,1602,51.67,79.3,70.72,37.33,59.91,77.1,67.96,9.44,0.16,10.67,0.9,73.55,6.8,90.18,36.63,26.52,5.79,52.43,1.07,0.11,0.0,0.0,0.0,0.0,0.0
A. Oluwo,Salford City,Salford City,CB,"CB, RCB",England League Two 2025-26,26.0,0,30/06/2027,no,2938,63.53,73.22,47.51,28.32,55.98,76.19,72.68,9.44,0.66,10.63,0.67,58.29,10.72,83.78,25.12,11.89,5.88,44.79,1.01,0.21,0.0,0.0,0.0,0.0,0.0
J. Tucker,Colchester United,Colchester United,RCB,RCB,England League Two 2025-26,26.0,275000,30/06/2027,no,4141,42.81,65.98,67.32,79.91,94.94,76.07,77.44,7.24,0.14,6.95,0.54,66.12,6.67,87.08,37.01,28.78,11.87,65.2,0.2,0.07,0.0,0.0,0.0,0.0,0.0
R. Cundy,Cheltenham Town,Cheltenham Town,RCB,"RCB, CB",England League Two 2025-26,28.0,200000,30/06/2026,no,2194,52.33,74.54,64.66,46.58,60.63,74.62,73.47,8.58,0.23,10.62,0.49,65.09,8.7,88.45,33.02,23.67,7.75,52.91,0.82,0.25,0.0,0.0,0.0,0.0,0.0
M. Andersen,Luton Town,Luton Town,RCB,"RCB, LCB, CB",England League One 2025-26,28.0,3000000,,no,2605,45.32,71.22,82.88,63.86,67.04,74.3,76.92,7.76,0.24,7.36,0.41,70.33,6.29,93.8,45.67,29.44,6.84,70.2,0.83,0.14,0.0,0.0,0.0,0.0,0.0
R. Balker,Huddersfield Town,Huddersfield Town,RCB,"RCB, LCB",England League One 2025-26,27.0,800000,30/06/2027,no,2211,48.24,60.97,67.75,59.35,90.42,74.02,73.39,7.0,0.62,9.24,0.41,65.96,5.74,88.29,37.2,25.52,7.37,64.64,0.37,0.04,0.0,0.0,0.0,0.0,0.0
E. Pye,Stockport County,Stockport County,LCB,LCB,England League One 2025-26,23.0,450000,30/06/2027,no,4003,53.78,61.3,76.79,79.27,61.95,73.9,73.45,8.37,0.34,10.61,0.54,62.75,6.88,89.82,42.63,33.14,9.85,71.92,0.9,0.18,0.0,0.0,0.0,0.0,0.0
F. Horsfall,Blackpool,Blackpool,CB,"CB, RCB",England League One 2025-26,29.0,350000,30/06/2029,no,2212,42.38,92.29,66.6,56.56,44.42,73.81,69.42,8.14,0.3,9.15,0.45,75.59,8.67,90.19,31.94,23.6,5.98,67.35,1.1,0.28,0.04,0.0,0.0,0.0,0.0
J. Willis,Northampton Town,Northampton Town,RCB,"RCB, CB",England League One 2025-26,31.0,150000,30/06/2026,no,717,57.76,59.29,42.21,57.15,84.5,73.51,70.73,8.91,0.17,10.29,1.38,62.26,6.65,82.24,19.08,13.18,7.41,62.71,0.38,0.13,0.0,0.13,0.0,0.0,0.0
R. Delaney,Newport County,Newport County,LCB,LCB,England League Two 2025-26,29.0,225000,31/05/2026,yes,1572,44.54,71.84,44.41,54.37,94.01,73.47,76.83,6.23,0.17,8.02,0.86,64.19,8.47,80.43,23.7,17.92,10.25,50.28,0.34,0.0,0.0,0.0,0.0,0.0,0.0
A. McGowan,Tranmere Rovers,Tranmere Rovers,RCB,"RCB, LCB, RB",England League Two 2025-26,29.0,225000,30/06/2026,no,1563,55.74,70.95,41.85,81.27,58.54,73.44,69.44,8.98,0.42,10.71,0.86,65.22,7.95,78.81,24.18,17.04,10.19,72.32,1.09,0.12,0.0,0.29,0.0,0.0,0.0
A. Mitchell,Plymouth Argyle,Plymouth Argyle,LCB,"LCB, RCB",England League One 2025-26,24.0,450000,30/06/2027,yes,3291,52.29,64.35,55.07,45.19,82.65,72.97,69.33,9.54,0.41,9.79,0.57,62.45,7.58,86.25,27.65,16.96,6.13,57.59,0.38,0.16,0.0,0.0,0.0,0.0,0.0
R. Johnson,AFC Wimbledon,AFC Wimbledon,LCB,"LCB, CB",England League One 2025-26,29.0,250000,30/06/2027,no,3580,46.63,72.92,59.27,75.55,66.33,72.55,66.99,8.31,0.45,9.88,0.7,69.18,7.01,86.33,31.07,21.42,10.08,68.08,0.75,0.2,0.0,0.0,0.0,0.0,0.0
C. McCarthy,Northampton Town,Northampton Town,RCB,RCB,England League One 2025-26,27.0,225000,30/06/2027,no,2022,50.79,68.73,48.22,39.19,82.16,72.26,73.11,7.79,0.31,9.7,0.76,61.86,8.64,84.01,23.1,15.27,5.39,55.37,0.36,0.18,0.0,0.18,0.0,0.0,0.0
B. Hills,Stockport County,Stockport County,CB,"CB, RCB",England League One 2025-26,22.0,450000,30/06/2030,no,2513,48.85,73.25,65.47,63.04,56.79,71.62,74.32,8.28,0.06,9.28,0.72,70.21,6.73,87.79,35.2,24.78,9.35,60.54,1.0,0.14,0.04,0.0,0.0,0.0,0.0
C. Taylor,Wycombe Wanderers,Wycombe Wanderers,RCB,"RCB, CB",England League One 2025-26,24.0,500000,30/06/2026,no,2159,37.05,68.87,89.05,56.08,83.09,71.46,71.62,7.67,0.0,7.3,0.71,67.7,6.71,93.51,50.73,37.27,6.25,66.0,0.5,0.08,0.0,0.0,0.0,0.0,0.0
D. Williams,Reading,Reading,LCB,"LCB, CB",England League One 2025-26,33.0,500000,30/06/2027,no,2248,43.52,65.12,74.61,62.63,79.43,71.03,70.19,6.56,0.55,8.13,0.88,70.0,5.2,92.19,35.87,29.39,7.69,66.15,0.4,0.2,0.0,0.0,0.0,0.0,0.0
R. McDonald,Notts County,Notts County,CB,"CB, LCB",England League Two 2025-26,33.0,100000,30/06/2026,no,1498,40.6,70.76,79.99,47.3,76.88,70.86,77.61,6.65,0.0,7.57,0.6,68.75,6.73,92.0,42.06,33.7,8.53,50.7,0.6,0.12,0.0,0.0,0.0,0.0,0.0
H. Odoffin,Luton Town,Luton Town,CB,"CB, RWB, RCB",England League One 2025-26,27.0,600000,,no,910,32.23,100.0,54.8,51.7,56.03,70.85,66.1,7.09,0.3,8.7,0.4,76.77,9.79,85.39,26.41,20.77,4.45,68.89,1.19,0.1,0.0,0.0,0.0,0.0,0.0
Kacper Łopata,Walsall,Walsall,RCB,"RCB, CB, LCB",England League Two 2025-26,24.0,225000,30/06/2027,yes,1629,62.46,63.98,50.53,41.4,52.58,70.49,80.81,7.34,0.49,9.72,0.77,56.0,9.67,83.87,25.69,17.4,6.57,52.94,0.83,0.28,0.06,0.0,0.0,0.0,0.0
O. Sowunmi,Bromley,Bromley,RCB,"RCB, CB",England League Two 2025-26,30.0,175000,,no,3562,50.2,83.59,13.82,45.91,67.63,70.06,75.74,7.0,0.49,8.26,0.71,64.61,10.64,65.85,17.54,7.07,7.3,53.98,0.88,0.1,0.0,0.0,0.0,0.0,0.0
C. Raglan,Barrow,Barrow,CB,"CB, RCB",England League Two 2025-26,32.0,0,30/06/2027,no,2946,43.68,74.03,52.68,60.44,73.14,69.98,71.26,7.19,0.24,9.35,0.73,66.67,8.07,86.05,24.53,16.44,7.61,64.66,0.7,0.12,0.0,0.0,0.0,0.0,0.0
C. McJannett,Grimsby Town,Grimsby Town,LCB,LCB,England League Two 2025-26,27.0,175000,30/06/2027,no,4125,42.67,61.19,71.62,76.73,81.99,69.52,74.65,7.92,0.16,7.99,0.37,60.69,7.55,89.87,37.46,28.41,10.89,66.13,0.48,0.11,0.0,0.02,0.0,0.0,0.0
M. Jobe,Cambridge United,Cambridge United,RCB,"RCB, CB",England League Two 2025-26,23.0,75000,30/06/2027,no,3096,45.03,67.53,60.3,60.71,75.05,69.26,72.84,7.73,0.32,8.55,0.52,55.19,10.64,86.41,32.09,22.06,8.2,62.77,0.67,0.06,0.03,0.0,0.0,0.0,0.0
G. Osho,Cardiff City,Cardiff City,RCB,"RCB, LCB",England League One 2025-26,27.0,3000000,30/06/2029,no,1354,43.75,61.52,79.88,54.87,76.96,68.52,69.01,7.05,0.48,7.44,1.13,67.95,5.18,93.02,40.95,31.57,6.71,63.37,0.4,0.13,0.07,0.0,0.0,0.0,0.0
W. Tamen,Tranmere Rovers,Tranmere Rovers,RCB,"RCB, CB",England League Two 2025-26,19.0,0,30/06/2027,yes,588,63.14,78.6,22.06,28.77,38.32,68.51,70.59,7.86,0.83,11.94,0.92,67.86,8.57,72.12,15.92,6.58,5.66,45.95,1.07,0.46,0.0,0.0,0.0,0.0,0.0
T. Akomeah,Gillingham,Gillingham,LCB,"LCB, RCB",England League Two 2025-26,20.0,0,30/06/2028,yes,788,53.23,72.01,41.03,48.98,57.29,68.12,79.63,7.5,0.0,9.94,0.69,58.89,10.28,80.1,23.53,11.88,7.65,55.22,1.14,0.11,0.0,0.0,0.0,0.0,0.0
E. Monthe,Oldham Athletic,Oldham Athletic,LCB,LCB,England League Two 2025-26,31.0,225000,30/06/2026,no,4207,57.71,57.01,36.29,50.79,77.23,67.91,83.33,7.66,0.12,9.56,0.49,62.77,6.03,79.35,19.06,9.8,7.0,59.02,0.64,0.09,0.0,0.04,0.0,0.0,0.0
T. Bradbury,Harrogate Town,Harrogate Town,LCB,LCB,England League Two 2025-26,27.0,100000,,no,780,35.84,82.24,55.61,42.38,73.51,67.44,80.43,5.4,0.0,8.19,0.12,68.35,9.12,89.06,22.15,16.04,6.0,55.77,0.69,0.12,0.0,0.0,0.0,0.0,0.0
E. Toal,Bolton Wanderers,Bolton Wanderers,RCB,RCB,England League One 2025-26,27.0,800000,30/06/2027,no,3156,38.35,52.62,92.71,71.95,91.04,67.32,71.62,7.71,0.14,7.87,0.48,54.71,7.87,94.47,51.07,41.63,8.16,72.03,0.37,0.03,0.0,0.0,0.0,0.0,0.0
D. Tharme,Grimsby Town,Grimsby Town,RCB,RCB,England League Two 2025-26,26.0,175000,30/06/2028,no,1047,39.26,68.82,60.14,69.44,78.73,67.3,66.67,9.79,0.16,8.51,0.26,65.88,7.31,84.65,34.73,24.07,11.69,57.35,0.6,0.09,0.0,0.0,0.0,0.0,0.0
M. Roberts,Barnsley,Barnsley,RCB,RCB,England League One 2025-26,35.0,250000,30/06/2026,no,819,35.82,85.18,69.67,52.76,53.45,67.0,65.79,7.11,0.47,8.02,0.66,72.37,8.35,90.31,35.16,25.71,7.8,57.75,0.88,0.33,0.0,0.0,0.0,0.0,0.0
B. Ward,Reading,Accrington Stanley,LCB,LCB,England League Two 2025-26,22.0,0,30/06/2029,no,2281,46.73,70.85,54.16,72.18,56.14,66.78,69.23,9.23,0.0,11.25,0.47,65.82,7.73,84.53,28.05,20.08,11.01,62.01,1.22,0.08,0.0,0.04,0.04,100.0,0.04
S. Stubbs,Shrewsbury Town,Shrewsbury Town,RCB,"RCB, CB",England League Two 2025-26,27.0,250000,30/06/2027,no,2569,54.64,64.68,39.91,46.56,64.97,66.64,76.38,7.7,0.42,9.46,0.63,60.59,8.27,79.71,21.93,12.79,7.36,54.29,0.77,0.21,0.0,0.04,0.0,0.0,0.0
C. Piergianni,Stevenage,Stevenage,LCB,"LCB, CB",England League One 2025-26,33.0,175000,,no,3398,30.73,94.01,43.63,68.34,60.01,66.54,70.25,6.62,0.15,7.65,0.37,69.29,11.12,80.26,24.82,15.34,9.11,65.7,0.82,0.26,0.0,0.0,0.0,0.0,0.0
J. Guthrie,Northampton Town,Northampton Town,CB,"CB, LCB",England League One 2025-26,33.0,200000,30/06/2026,no,921,42.22,61.95,52.18,33.37,99.25,66.48,68.42,8.25,0.0,8.7,1.07,57.14,8.89,87.78,21.6,13.49,4.3,54.55,0.2,0.0,0.0,0.0,0.0,0.0,0.0
J. Kerr,Wigan Athletic,Wigan Athletic,CB,CB,England League One 2025-26,29.0,0,,no,2860,32.57,69.8,68.97,44.55,93.68,66.26,70.16,6.26,0.12,7.68,0.72,68.93,6.48,90.59,36.13,22.03,5.44,59.54,0.25,0.06,0.0,0.03,0.0,0.0,0.0
C. Hall,Port Vale,Port Vale,LCB,LCB,England League One 2025-26,32.0,175000,30/06/2026,no,3121,37.05,66.53,56.94,86.9,78.75,65.2,68.75,7.22,0.39,8.77,0.32,65.43,7.01,85.92,27.65,22.09,10.81,74.67,0.55,0.12,0.0,0.03,0.0,0.0,0.03
K. Casey,Leyton Orient,Leyton Orient,RCB,RCB,England League One 2025-26,21.0,1000000,30/06/2027,yes,890,40.26,59.34,73.77,74.44,77.01,65.04,65.96,8.2,0.15,8.6,1.01,56.47,8.6,89.54,39.64,31.35,9.2,70.33,0.3,0.3,0.0,0.0,0.0,0.0,0.0
L. Jenkins,Newport County,Newport County,RCB,RCB,England League Two 2025-26,24.0,0,,no,2960,48.81,63.43,57.26,36.96,68.65,64.78,72.89,6.94,0.64,9.09,0.55,62.66,7.33,85.47,30.13,21.07,6.99,47.83,0.82,0.12,0.0,0.0,0.0,0.0,0.0
N. Smith,Tranmere Rovers,Tranmere Rovers,CB,"CB, LCB, RCB",England League Two 2025-26,30.0,450000,30/06/2027,no,4191,47.93,69.48,36.71,33.8,71.4,64.07,76.38,6.77,0.28,8.07,0.86,63.61,8.2,79.89,19.11,8.89,5.39,51.0,0.73,0.13,0.0,0.0,0.0,0.0,0.0
T. Flanagan,Colchester United,Colchester United,LCB,"LCB, CB",England League Two 2025-26,34.0,100000,30/06/2026,no,1208,58.68,37.02,64.62,77.12,73.71,63.8,78.72,8.28,0.36,8.12,0.89,45.71,7.82,87.5,33.38,26.23,10.36,68.35,0.52,0.22,0.0,0.0,0.0,0.0,0.0
W. Fish,Cardiff City,Cardiff City,RCB,RCB,England League One 2025-26,23.0,550000,30/06/2028,no,2589,41.43,52.34,90.06,81.39,70.63,63.78,63.56,8.97,0.32,7.72,1.08,61.94,5.39,92.54,49.88,43.7,10.36,71.81,0.8,0.1,0.0,0.0,0.0,0.0,0.0
L. Gibson,Harrogate Town,Harrogate Town,LCB,LCB,England League Two 2025-26,28.0,175000,30/06/2026,no,1426,56.83,46.59,54.21,62.33,70.1,63.4,75.63,6.69,0.51,10.98,0.82,49.62,8.39,84.6,29.1,18.62,9.91,57.96,0.88,0.06,0.0,0.0,0.0,0.0,0.0
A. Kilgour,Bristol Rovers,Bristol Rovers,LCB,"LCB, CB",England League Two 2025-26,27.0,125000,,no,3435,58.26,57.62,48.9,47.55,52.62,63.38,73.47,8.33,0.65,9.22,0.81,59.01,7.41,83.9,24.58,15.2,6.63,57.71,1.1,0.21,0.0,0.0,0.0,0.0,0.0
D. Matthews,Accrington Stanley,Accrington Stanley,RCB,"RCB, CB, LCB",England League Two 2025-26,26.0,0,30/06/2027,no,3468,42.03,83.49,45.17,64.45,40.28,63.15,69.27,7.41,0.52,9.42,0.31,59.45,12.35,82.35,22.79,14.48,8.98,63.01,1.22,0.29,0.03,0.0,0.0,0.0,0.0
O. Casey,Blackpool,Blackpool,LCB,"LCB, RCB",England League One 2025-26,25.0,300000,30/06/2026,no,3852,47.01,63.61,66.49,38.59,60.68,63.0,73.46,7.17,0.16,9.81,0.79,67.06,5.89,90.52,31.54,22.8,5.09,55.96,1.0,0.14,0.0,0.0,0.0,0.0,0.0
S. Bradley,Lincoln City,Lincoln City,LCB,"LCB, CB",England League One 2025-26,34.0,275000,30/06/2027,no,3918,43.65,61.8,55.59,48.09,77.27,62.97,73.17,7.13,0.2,7.86,0.9,60.06,7.88,88.42,23.61,16.22,5.56,61.98,0.62,0.07,0.02,0.0,0.0,0.0,0.0
O. Beckles,Gillingham,Leyton Orient,RCB,RCB,England League One 2025-26,34.0,100000,30/06/2027,no,2044,36.68,69.88,63.07,66.48,66.75,62.41,71.43,6.74,0.21,7.75,0.62,73.45,4.98,88.16,31.61,22.98,7.09,71.43,0.92,0.09,0.0,0.0,0.0,0.0,0.0
C. Kelly,Bradford City,Bradford City,LCB,LCB,England League One 2025-26,27.0,200000,30/06/2026,no,1167,44.27,62.97,46.91,62.96,71.93,62.3,74.12,7.2,0.12,9.64,0.54,60.78,7.87,78.98,28.61,21.75,11.11,54.17,0.93,0.0,0.0,0.0,0.0,0.0,0.0
J. Wilson,Cheltenham Town,Cheltenham Town,LCB,LCB,England League Two 2025-26,37.0,75000,30/06/2026,no,3551,51.7,38.85,62.92,63.49,89.45,62.29,83.13,6.85,0.11,8.36,0.53,57.49,4.23,87.73,30.97,24.89,8.69,63.27,0.33,0.08,0.0,0.0,0.0,0.0,0.0
J. Kizzi,Barnet,Barnet,RCB,"RCB, LCB, CB",England League Two 2025-26,32.0,0,30/06/2027,no,1114,53.32,59.49,68.43,70.53,37.83,62.28,74.23,9.32,0.15,11.07,0.24,59.57,7.59,88.24,38.46,25.53,8.64,69.16,1.37,0.16,0.08,0.0,0.0,0.0,0.0
P. O'Connor,Reading,Reading,RCB,"RCB, LCB",England League One 2025-26,28.0,375000,30/06/2029,no,3269,40.72,74.45,73.37,50.49,44.18,62.06,67.58,7.97,0.24,9.09,0.69,68.23,7.63,88.75,41.6,30.53,7.57,56.73,1.21,0.28,0.0,0.0,0.0,0.0,0.0
S. Grehan,Doncaster Rovers,Doncaster Rovers,RCB,"RCB, RB",England League One 2025-26,22.0,150000,30/06/2028,no,781,48.4,40.42,62.28,87.76,85.03,61.53,58.82,10.85,0.16,12.56,0.81,51.79,6.45,86.79,32.27,24.89,10.03,78.16,0.58,0.0,0.0,0.0,0.0,0.0,0.0
J. Flint,Crawley Town,Crawley Town,LCB,LCB,England League Two 2025-26,25.0,450000,30/06/2026,no,3298,43.1,50.09,72.35,76.24,76.37,61.35,68.88,8.47,0.5,8.54,0.3,54.15,7.56,88.39,38.78,33.13,9.8,69.64,0.63,0.11,0.0,0.0,0.0,0.0,0.0
F. Burns,Reading,Reading,RCB,"RCB, LCB",England League One 2025-26,22.0,1000000,30/06/2027,yes,1918,38.8,63.72,67.58,49.29,72.19,61.18,62.1,7.55,0.5,9.62,0.84,67.48,5.77,89.92,33.5,24.59,7.74,55.15,0.61,0.19,0.0,0.0,0.0,0.0,0.0
D. Sweeney,Stevenage,Stevenage,RCB,"RCB, CB",England League One 2025-26,31.0,175000,,no,1238,46.97,69.51,54.08,68.61,41.12,61.09,65.71,9.68,0.32,10.25,0.51,65.09,7.71,84.4,30.75,16.87,9.67,63.91,1.16,0.36,0.0,0.0,0.0,0.0,0.0
A. Baldwin,Bradford City,Bradford City,CB,"CB, RCB",England League One 2025-26,28.0,225000,30/06/2026,no,2479,43.0,62.98,46.98,74.25,65.93,60.57,65.43,8.03,0.5,9.4,0.69,68.0,5.45,81.65,25.52,17.17,11.15,63.19,0.69,0.18,0.04,0.0,0.0,0.0,0.0
C. Barker,Crawley Town,Crawley Town,RCB,RCB,England League Two 2025-26,23.0,50000,,no,3865,50.63,48.57,71.6,76.37,57.11,60.52,61.51,10.43,0.59,9.52,0.86,52.54,7.8,88.2,39.26,31.51,10.41,67.56,0.98,0.21,0.0,0.0,0.0,0.0,0.02
A. Oshilaja,Mansfield Town,Mansfield Town,RCB,"RCB, CB",England League One 2025-26,33.0,275000,30/06/2028,no,2955,42.58,62.7,64.57,57.42,60.85,60.37,72.68,6.58,0.27,9.69,0.55,69.09,5.03,88.08,34.23,23.12,7.4,62.96,0.88,0.21,0.0,0.03,0.0,0.0,0.0
J. Connolly,Crewe Alexandra,Crewe Alexandra,RCB,RCB,England League Two 2025-26,24.0,375000,30/06/2026,no,3387,43.64,70.22,55.12,60.23,48.24,60.34,70.0,7.52,0.12,8.69,1.09,58.62,10.02,84.42,28.99,21.31,9.14,59.01,1.25,0.19,0.0,0.0,0.0,0.0,0.0
M. Platt,Notts County,Notts County,CB,CB,England League Two 2025-26,28.0,275000,30/06/2026,no,2068,33.67,69.0,74.77,54.99,65.19,60.11,63.86,8.79,0.13,8.18,0.57,68.46,6.48,88.75,41.78,33.34,9.14,54.76,0.83,0.17,0.0,0.0,0.0,0.0,0.0
J. Ball,Swindon Town,Swindon Town,RCB,"RCB, CB, RDMF",England League Two 2025-26,30.0,100000,30/06/2027,no,1134,56.74,43.09,51.6,52.35,71.14,59.9,76.79,8.49,0.47,9.52,0.4,55.56,5.71,84.49,25.08,18.49,6.75,61.18,0.48,0.16,0.08,0.0,0.0,0.0,0.0
D. Conroy,Crawley Town,Crawley Town,CB,CB,England League Two 2025-26,30.0,175000,30/06/2027,no,1926,54.49,33.27,83.09,69.24,70.03,59.87,64.1,9.89,1.12,8.32,0.56,57.35,3.18,93.47,46.54,29.86,8.64,68.11,0.75,0.14,0.0,0.42,0.28,33.33,0.0
J. Fitzwater,Exeter City,Exeter City,CB,"CB, RCB",England League One 2025-26,28.0,375000,30/06/2027,no,2838,50.31,39.95,81.22,58.27,72.56,59.82,71.93,8.17,0.22,10.02,0.79,55.15,5.23,92.51,43.6,32.73,8.09,61.18,0.6,0.19,0.0,0.0,0.0,0.0,0.0
M. Forbes,Northampton Town,Northampton Town,LCB,LCB,England League One 2025-26,21.0,600000,30/06/2026,yes,1794,45.29,57.08,45.81,51.78,77.45,59.82,76.64,7.39,0.0,9.33,0.5,54.91,8.68,81.61,22.37,18.81,7.22,59.03,0.7,0.05,0.0,0.2,0.0,0.0,0.0
D. Happe,Leyton Orient,Leyton Orient,LCB,"LCB, CB",England League One 2025-26,27.0,225000,30/06/2026,no,2896,38.17,72.33,63.12,60.69,50.57,59.54,65.55,9.6,0.1,8.45,0.47,68.89,6.99,87.91,31.89,23.56,8.73,60.85,0.99,0.31,0.0,0.0,0.0,0.0,0.0
D. Collinge,Barnet,Barnet,RCB,"RCB, RB",England League Two 2025-26,27.0,0,,no,4069,43.01,52.34,60.54,72.34,75.29,59.49,79.75,6.61,0.2,7.98,0.18,60.15,5.99,86.86,31.32,22.12,8.76,70.2,0.64,0.09,0.02,0.0,0.0,0.0,0.0
K. Balmer,Bristol Rovers,Bristol Rovers,RCB,RCB,England League Two 2025-26,25.0,175000,30/06/2026,yes,1853,53.47,41.96,37.24,71.43,82.89,59.15,75.89,7.68,0.49,9.03,0.58,57.58,4.81,76.92,22.73,15.06,9.86,65.52,0.39,0.15,0.0,0.05,0.0,0.0,0.0
G. Johnston,Bolton Wanderers,Bolton Wanderers,LCB,"LCB, LB",England League One 2025-26,27.0,300000,30/06/2026,no,3944,30.22,62.64,94.85,77.49,63.07,59.14,62.62,7.43,0.46,7.64,0.52,62.82,7.12,93.47,54.13,45.59,9.29,72.48,0.87,0.18,0.0,0.0,0.0,0.0,0.0
P. Farquharson,Walsall,Walsall,RCB,RCB,England League Two 2025-26,29.0,100000,30/06/2026,no,1855,53.65,52.03,36.12,59.2,66.8,59.06,77.23,6.41,0.75,8.88,0.53,60.33,5.87,79.78,17.51,10.04,7.91,62.58,0.82,0.15,0.0,0.0,0.0,0.0,0.0
Z. Awe,Salford City,Salford City,LCB,"LCB, CB",England League Two 2025-26,22.0,0,30/06/2027,no,749,43.17,60.62,39.61,44.28,79.79,58.93,79.25,6.45,0.17,9.61,0.0,56.0,9.01,83.46,15.98,7.57,6.49,55.56,0.72,0.0,0.0,0.0,0.0,0.0,0.0
L. Woodhouse,Exeter City,Exeter City,LCB,"LCB, CB",England League One 2025-26,21.0,0,30/06/2027,no,2299,38.19,55.33,73.32,71.65,72.08,58.93,67.21,7.74,0.16,8.93,0.74,60.74,6.38,90.08,37.5,31.36,8.57,70.32,0.86,0.04,0.0,0.0,0.0,0.0,0.0
J. Shepherd,Barnsley,Barnsley,LCB,"LCB, RCB, LB",England League One 2025-26,24.0,0,,no,3330,32.53,67.32,77.94,57.45,64.79,58.91,63.12,8.07,0.24,8.05,0.68,67.95,6.32,90.75,41.78,33.7,8.62,58.62,0.73,0.19,0.03,0.0,0.0,0.0,0.0
S. Sherring,Cheltenham Town,Cheltenham Town,RCB,"RCB, RB",England League Two 2025-26,25.0,400000,31/05/2026,yes,1674,42.39,42.16,67.96,60.55,93.65,58.67,76.72,6.07,0.29,9.52,0.22,56.0,5.38,89.12,34.09,27.26,8.44,61.78,0.22,0.0,0.05,0.0,0.0,0.0,0.0
C. Goode,Stevenage,Stevenage,RCB,"RCB, CB",England League One 2025-26,30.0,500000,30/06/2026,no,3438,30.38,78.71,44.07,58.13,65.36,57.44,65.47,6.83,0.33,7.46,0.63,71.53,7.36,82.0,22.83,13.17,6.88,65.4,0.71,0.24,0.0,0.0,0.0,0.0,0.0
R. Sweeney,Mansfield Town,Mansfield Town,CB,"CB, LCB",England League One 2025-26,28.0,350000,30/06/2027,no,1675,41.68,67.49,48.57,36.28,61.04,57.16,75.4,5.95,0.2,10.05,0.38,61.25,8.6,82.45,27.24,15.8,6.23,50.0,0.91,0.11,0.05,0.0,0.0,0.0,0.0
D. Casey,Wycombe Wanderers,Wycombe Wanderers,RCB,RCB,England League One 2025-26,28.0,400000,,no,2287,42.74,41.98,67.51,57.11,88.86,56.91,69.41,8.03,0.16,8.22,0.94,57.98,4.68,88.86,36.4,24.16,6.41,66.26,0.28,0.12,0.0,0.0,0.0,0.0,0.0
C. O'Riordan,Blackburn Rovers,Doncaster Rovers,RCB,RCB,England League One 2025-26,22.0,0,,no,1710,46.1,48.86,80.65,56.22,57.57,56.88,73.05,6.97,0.16,11.16,0.53,58.56,5.84,94.31,40.68,29.37,6.68,64.57,1.05,0.16,0.0,0.0,0.0,0.0,0.0
M. Ihiekwe,Blackpool,Blackpool,RCB,"RCB, CB",England League One 2025-26,33.0,300000,30/06/2028,no,2362,32.4,63.2,68.01,50.87,74.66,56.58,70.25,6.37,0.26,8.15,0.34,66.67,5.94,88.61,36.81,25.53,7.66,56.72,0.61,0.15,0.0,0.0,0.0,0.0,0.0
C. Dunkley,Chesterfield,Chesterfield,RCB,RCB,England League Two 2025-26,34.0,175000,30/06/2027,no,2660,35.34,80.74,56.45,30.68,46.12,56.56,65.85,8.13,0.17,8.7,0.54,66.43,9.47,85.53,29.23,20.27,6.43,44.74,1.29,0.2,0.0,0.0,0.0,0.0,0.0
E. O'Connell,Barnsley,Barnsley,LCB,"LCB, RCB, CB",England League One 2025-26,30.0,200000,30/06/2026,no,1463,14.81,78.22,74.72,68.51,81.0,56.52,62.9,5.06,0.08,6.46,0.74,76.67,5.54,90.85,39.0,29.96,8.18,69.17,0.49,0.12,0.0,0.0,0.0,0.0,0.0
A. Flint,Walsall,Walsall,CB,CB,England League Two 2025-26,36.0,100000,30/06/2026,no,3893,39.07,63.88,33.56,60.15,75.16,56.51,74.07,6.99,0.21,7.35,0.51,63.34,7.19,78.85,16.83,8.39,7.42,65.11,0.58,0.16,0.0,0.0,0.0,0.0,0.0
D. Elerewe,Lincoln City,Bromley,LCB,"LCB, RCB",England League Two 2025-26,22.0,0,30/06/2029,no,1663,38.4,82.23,24.03,39.19,53.54,56.49,75.86,6.45,0.0,8.23,0.54,69.57,8.71,73.33,16.24,6.49,6.01,53.15,1.24,0.11,0.0,0.0,0.0,0.0,0.0
M. Morrison,Cambridge United,Cambridge United,RCB,"RCB, CB",England League Two 2025-26,38.0,100000,30/06/2026,no,1284,41.58,56.62,46.11,51.79,77.14,56.43,78.18,6.48,0.2,7.71,0.35,51.06,9.88,83.97,21.87,12.41,6.66,61.05,0.56,0.14,0.0,0.0,0.0,0.0,0.0
K. Watts,Cambridge United,Cambridge United,LCB,"LCB, CB",England League Two 2025-26,26.0,250000,30/06/2027,no,4028,28.02,60.72,58.14,77.24,88.55,56.41,74.81,5.67,0.03,5.94,0.45,57.82,8.42,84.4,30.66,25.78,10.64,67.44,0.42,0.04,0.0,0.0,0.0,0.0,0.0
W. Boyle,Shrewsbury Town,Shrewsbury Town,LCB,"LCB, CB",England League Two 2025-26,30.0,250000,30/06/2027,no,3864,41.39,72.56,36.49,50.88,52.44,56.41,72.02,7.54,0.12,8.97,0.56,63.12,8.97,77.77,21.48,12.27,7.38,57.73,1.02,0.23,0.02,0.02,0.0,0.0,0.0
J. McGrath,Doncaster Rovers,Doncaster Rovers,LCB,LCB,England League One 2025-26,22.0,0,30/06/2028,no,2402,33.98,69.66,57.84,75.95,55.37,56.39,66.42,7.3,0.32,8.73,0.41,68.16,6.71,85.32,30.12,22.82,10.08,68.4,1.01,0.22,0.0,0.0,0.0,0.0,0.0
H. Araujo,Colchester United,Colchester United,LCB,LCB,England League Two 2025-26,21.0,0,30/06/2027,yes,2790,41.53,47.49,71.85,76.76,69.9,56.39,80.92,5.98,0.05,7.39,0.48,55.34,6.65,90.11,36.19,29.77,11.23,64.94,0.77,0.13,0.0,0.0,0.0,0.0,0.0
E. Turns,Exeter City,Exeter City,RCB,"RCB, RB, LCB",England League One 2025-26,22.0,0,,no,890,44.98,49.19,73.87,58.13,61.45,56.16,64.75,6.52,0.29,8.75,0.71,61.54,5.26,90.75,42.65,34.3,7.69,51.97,1.11,0.05,0.0,0.0,0.0,0.0,0.0
E. Turns,Exeter City,Exeter City,RCB,"RCB, RB, LCB",England League One 2025-26,22.0,0,,no,890,44.98,49.19,73.87,58.13,61.45,56.16,69.7,6.84,0.28,9.81,1.01,60.78,5.16,88.95,39.34,33.88,10.21,53.47,1.21,0.0,0.0,0.0,0.0,0.0,0.0
T. Hamer,Lincoln City,Lincoln City,RCB,RCB,England League One 2025-26,26.0,250000,30/06/2029,no,3652,30.72,70.21,46.79,75.22,69.68,56.13,67.19,5.56,0.5,7.96,0.54,65.5,7.71,83.47,21.02,16.61,8.26,74.33,0.71,0.17,0.0,0.0,0.0,0.0,0.0
W. Forrester,Leyton Orient,Leyton Orient,CB,"CB, RCB",England League One 2025-26,24.0,275000,30/06/2028,no,1240,33.5,67.49,72.23,37.59,63.23,56.1,54.17,10.61,0.11,8.71,1.02,58.33,9.58,90.86,38.1,25.69,5.15,54.93,0.8,0.22,0.0,0.0,0.0,0.0,0.0
J. Bowery,Mansfield Town,Mansfield Town,RCB,RCB,England League One 2025-26,34.0,125000,30/06/2026,no,932,50.68,49.22,71.36,46.05,51.6,56.07,77.14,6.44,0.0,10.33,1.06,66.67,3.19,89.09,38.05,29.65,7.34,53.95,1.16,0.19,0.0,0.0,0.0,0.0,0.0
J. Knight-Lebel,Swindon Town,Swindon Town,RCB,"RCB, CB",England League Two 2025-26,21.0,0,30/06/2027,yes,2413,56.34,33.42,58.39,31.82,80.49,55.76,77.53,7.47,0.23,10.15,0.86,49.68,5.78,86.85,30.06,19.1,6.15,46.67,0.52,0.11,0.0,0.0,0.0,0.0,0.0
J. Clarke,Cardiff MU,Newport County,LCB,"LCB, CB",England League Two 2025-26,36.0,75000,30/06/2027,no,912,44.16,47.37,55.17,38.53,84.65,55.66,78.95,6.61,0.13,7.99,0.49,56.25,6.32,86.97,25.76,17.27,5.13,55.77,0.59,0.0,0.0,0.0,0.0,0.0,0.0
T. Lockyer,Bristol Rovers,Bristol Rovers,CB,"CB, RCB, LCB",England League Two 2025-26,31.0,2500000,30/06/2026,no,1051,41.58,68.47,55.02,75.39,36.25,55.37,72.22,7.57,0.15,8.91,0.51,66.27,7.11,82.11,32.54,24.06,10.36,66.94,1.37,0.17,0.09,0.17,0.0,0.0,0.0
C. Makosso,Oxford United,Luton Town,RCB,"RCB, RB",England League One 2025-26,21.0,0,30/06/2029,yes,1038,63.75,21.16,53.01,73.78,71.99,54.87,77.91,8.39,0.62,10.84,0.43,47.83,3.99,82.8,29.74,21.07,10.23,66.1,0.78,0.09,0.0,0.0,0.0,0.0,0.0
L. Chapman,Wigan Athletic U21,Wigan Athletic,LCB,"LCB, RCB",England League One 2025-26,20.0,0,,no,500,61.77,13.7,50.69,53.36,100.0,54.7,75.76,7.86,0.71,10.98,0.54,38.71,5.58,80.61,29.7,23.22,8.28,56.52,0.18,0.0,0.0,0.0,0.0,0.0,0.0
J. Olowu,Stockport County,Stockport County,RCB,"RCB, CB",England League One 2025-26,26.0,225000,30/06/2028,no,2250,36.05,57.94,61.44,47.74,74.33,54.55,66.21,6.82,0.4,8.92,0.64,68.18,4.4,86.84,31.92,23.36,6.64,57.83,0.8,0.04,0.0,0.0,0.0,0.0,0.0
A. Hagelskjær,Wycombe Wanderers,Wycombe Wanderers,LCB,LCB,England League One 2025-26,29.0,800000,30/06/2028,no,2326,41.34,46.85,70.25,72.24,67.52,54.29,72.44,7.39,0.17,8.71,0.54,60.48,4.8,88.46,38.23,29.06,10.76,62.95,0.85,0.12,0.0,0.0,0.0,0.0,0.0
B. Cargill,Mansfield Town,Mansfield Town,LCB,LCB,England League One 2025-26,30.0,250000,30/06/2027,no,1556,26.36,64.7,59.66,100.0,69.39,54.23,57.61,5.87,0.73,8.79,0.69,67.31,6.02,83.81,32.51,28.63,14.06,73.66,0.52,0.29,0.0,0.0,0.0,0.0,0.0
M. Ross,Plymouth Argyle,Plymouth Argyle,RCB,"RCB, CB",England League One 2025-26,25.0,1000000,30/06/2028,no,2692,35.43,71.78,55.91,50.51,49.84,54.17,65.84,7.21,0.45,8.66,0.47,65.29,8.09,86.78,27.31,17.49,6.52,60.51,1.24,0.17,0.0,0.0,0.0,0.0,0.0
T. Mullarkey,Fleetwood Town,Fleetwood Town,RCB,"RCB, RB",England League Two 2025-26,30.0,200000,30/06/2027,no,1699,39.4,52.37,53.68,69.27,72.92,54.05,62.3,9.03,0.33,8.0,0.95,66.67,3.81,84.29,27.65,20.34,8.21,69.68,0.64,0.16,0.0,0.0,0.0,0.0,0.0
W. Wright,Swindon Town,Swindon Town,RCB,"RCB, RB",England League Two 2025-26,28.0,275000,,no,2910,49.12,31.77,63.85,85.25,75.4,53.83,68.87,8.59,0.53,9.09,0.65,50.92,5.04,85.09,36.09,28.92,11.66,70.29,0.59,0.15,0.0,1.27,0.28,44.44,2.29
H. Douglas,Rotherham United,Rotherham United,CB,CB,England League One 2025-26,20.0,0,30/06/2027,no,770,46.72,42.61,59.96,35.28,74.96,52.46,72.0,7.76,0.29,8.53,0.82,50.0,7.48,89.17,28.05,17.53,5.03,53.49,0.47,0.23,0.0,0.0,0.0,0.0,0.0
L. O'Connor,Tranmere Rovers,Tranmere Rovers,RCB,"RCB, DMF",England League Two 2025-26,25.0,300000,30/06/2027,no,861,56.83,26.22,50.54,60.07,76.99,51.91,73.44,6.73,1.12,10.77,0.21,53.33,3.14,83.15,27.91,16.93,8.26,62.03,0.63,0.1,0.0,0.0,0.0,0.0,0.0
S. Bennett,Weston-super-Mare,Cheltenham Town,CB,"CB, LCB",England League Two 2025-26,35.0,100000,31/05/2026,no,560,49.41,61.4,32.94,56.59,38.72,51.72,71.43,6.22,0.89,9.96,0.48,54.1,9.8,77.67,16.55,11.25,8.04,60.0,1.29,0.32,0.0,0.0,0.0,0.0,0.0
S. Ogie,Gillingham,Gillingham,LCB,LCB,England League Two 2025-26,24.0,225000,,no,848,38.9,69.99,22.81,59.9,55.19,51.71,69.09,7.1,0.53,8.6,0.32,67.16,7.11,67.66,24.94,11.14,9.76,56.52,0.85,0.32,0.0,0.11,0.0,0.0,0.11
D. Lawlor,Cardiff City,Cardiff City,LCB,"LCB, RCB",England League One 2025-26,20.0,0,30/06/2028,no,2137,36.07,36.01,100.0,74.75,74.17,51.68,68.6,7.64,0.32,6.65,0.67,56.12,4.13,93.06,61.87,48.14,8.55,72.91,0.59,0.17,0.0,0.0,0.0,0.0,0.04
B. Cooper,Salford City,Salford City,CB,"CB, LCB, RCB",England League Two 2025-26,26.0,350000,30/06/2027,no,2517,36.58,62.69,45.42,51.95,63.3,51.63,72.59,6.97,0.12,7.83,0.5,57.96,8.76,83.17,22.1,13.23,6.29,62.5,0.93,0.14,0.0,0.04,0.0,0.0,0.0
T. Anderson,Shrewsbury Town,Shrewsbury Town,CB,"CB, RCB",England League Two 2025-26,32.0,175000,30/06/2027,no,2367,23.97,77.08,38.84,54.92,70.54,51.33,64.52,7.28,0.0,8.44,0.27,66.67,8.67,78.82,21.9,13.42,8.44,57.21,0.72,0.15,0.0,0.0,0.0,0.0,0.0
C. Connolly,Stockport County,Stockport County,CB,"CB, RCB",England League One 2025-26,28.0,600000,30/06/2026,no,1218,38.57,49.86,70.34,54.4,64.18,51.0,74.14,6.1,0.31,7.83,0.52,62.9,4.58,92.76,31.63,23.72,6.13,65.06,0.89,0.15,0.0,0.07,0.0,0.0,0.0
E. Moore,Northampton Town,Northampton Town,RCB,"RCB, CB, LCB",England League One 2025-26,29.0,500000,30/06/2027,no,1199,28.85,62.54,59.93,42.05,75.71,50.97,63.16,7.34,0.32,7.13,0.68,61.39,7.58,87.8,31.38,17.64,5.7,56.58,0.45,0.23,0.0,0.0,0.0,0.0,0.0
F. Mabete,Swindon Town,Swindon Town,CB,"CB, LCB",England League Two 2025-26,21.0,0,30/06/2027,no,1145,52.22,45.29,58.13,27.8,53.76,50.96,68.42,7.07,1.1,9.35,0.63,55.84,6.05,85.79,31.52,20.12,5.82,44.59,1.02,0.24,0.0,0.0,0.0,0.0,0.0
J. Simpson,Leyton Orient,Leyton Orient,LCB,"LCB, LB",England League One 2025-26,29.0,300000,30/06/2026,no,2410,41.53,45.68,67.17,65.13,62.83,50.9,71.01,7.4,0.17,9.49,0.56,54.19,6.68,88.28,35.7,26.22,9.0,63.49,0.86,0.19,0.0,0.0,0.0,0.0,0.0
M. Pennington,Bradford City,Bradford City,RCB,RCB,England League One 2025-26,31.0,450000,30/06/2027,no,2319,34.1,62.3,50.87,67.66,58.43,50.58,62.07,7.95,0.35,9.7,0.47,63.13,6.95,82.19,28.76,19.68,8.77,66.37,0.78,0.31,0.0,0.0,0.0,0.0,0.0
A. Odimayo,Crawley Town,Crawley Town,RCB,"RCB, LCB",England League Two 2025-26,26.0,200000,30/06/2027,no,832,38.01,40.22,72.38,61.36,79.74,50.53,71.43,7.14,0.18,8.22,0.54,55.1,5.3,87.06,43.49,31.48,9.74,57.78,0.54,0.11,0.0,0.0,0.0,0.0,0.0
T. Mengi,Luton Town,Luton Town,RCB,"RCB, LCB",England League One 2025-26,23.0,0,,no,2030,41.24,32.93,81.09,64.81,77.98,50.29,73.08,7.73,0.22,7.23,0.58,56.58,3.37,92.07,43.05,34.58,7.49,68.64,0.62,0.09,0.0,0.0,0.0,0.0,0.0
Z. Ashworth,Blackpool,Blackpool,LCB,"LCB, LWB, LB",England League One 2025-26,23.0,250000,30/06/2027,no,1857,42.67,64.99,52.55,46.97,33.92,49.95,70.21,6.62,0.63,9.79,0.29,65.93,6.54,82.95,27.29,22.73,6.45,57.89,1.55,0.24,0.0,0.29,0.05,100.0,0.24
C. Chambers,Cardiff City,Cardiff City,LCB,LCB,England League One 2025-26,31.0,4000000,30/06/2027,no,1985,33.76,42.77,91.45,74.02,66.82,49.83,71.05,7.21,0.08,7.62,0.45,56.3,5.4,90.86,56.09,44.21,10.79,64.29,0.77,0.18,0.0,0.0,0.0,0.0,0.0
T. O'Connor,Wrexham,Peterborough United,LCB,LCB,England League One 2025-26,26.0,300000,30/06/2027,no,1443,37.43,35.24,86.61,72.32,74.85,49.52,66.67,7.21,0.45,9.17,0.44,49.02,6.36,90.19,52.14,40.98,11.1,61.8,0.44,0.25,0.0,0.0,0.0,0.0,0.25
K. Naismith,Luton Town,Luton Town,LCB,"LCB, LB",England League One 2025-26,34.0,700000,,no,2982,28.23,51.84,79.97,83.56,65.67,49.15,64.19,7.79,0.21,7.48,0.42,61.08,5.58,89.89,45.09,36.64,10.56,72.86,0.85,0.15,0.0,0.33,0.03,100.0,0.24
C. Masterson,Gillingham,Gillingham,LCB,"LCB, CB, RCB",England League Two 2025-26,27.0,250000,30/06/2026,no,518,28.87,56.32,61.13,23.76,87.27,49.07,76.92,4.9,0.0,6.25,0.52,56.52,7.99,89.57,28.32,18.42,4.0,47.83,0.52,0.0,0.0,0.0,0.0,0.0,0.0
Z. Jules,Rotherham United,Rotherham United,CB,"CB, LCB",England League One 2025-26,29.0,300000,30/06/2026,no,2487,35.29,70.34,52.01,33.61,44.18,48.85,67.63,6.71,0.15,8.5,0.9,63.64,8.36,85.9,25.4,14.37,4.78,53.03,1.09,0.29,0.04,0.0,0.0,0.0,0.0
J. Debrah,Bromley,Bromley,RCB,"RCB, LCB",England League Two 2025-26,25.0,200000,30/06/2026,yes,1012,39.49,73.89,0.0,17.54,65.32,48.66,82.09,4.14,0.26,7.99,0.36,62.26,9.52,60.53,10.24,3.86,4.67,40.38,0.81,0.18,0.0,0.0,0.0,0.0,0.0
W. Aimson,Wigan Athletic,Wigan Athletic,RCB,"RCB, CB, LCB",England League One 2025-26,31.0,225000,30/06/2026,no,3791,25.46,60.54,61.48,59.53,73.4,48.34,66.67,5.57,0.27,7.36,0.59,63.08,6.62,85.76,32.0,26.87,8.78,59.73,0.66,0.14,0.0,0.02,0.0,0.0,0.0
J. Thorniley,Oxford United,Northampton Town,CB,"CB, LCB",England League One 2025-26,29.0,275000,30/06/2026,no,1416,46.59,49.2,42.41,55.47,53.69,48.31,72.53,8.23,0.09,10.17,0.51,51.54,8.26,81.25,21.36,13.92,7.5,61.02,0.89,0.32,0.0,0.57,0.0,0.0,0.0
S. Malone,Crawley Town,Crawley Town,LCB,"LCB, LWB",England League Two 2025-26,35.0,150000,30/06/2026,no,937,50.08,27.57,53.99,63.39,77.06,48.24,75.0,8.33,0.17,9.22,0.58,55.17,2.79,83.62,28.14,22.57,8.36,64.37,0.48,0.19,0.0,0.38,0.0,0.0,0.0
C. Mola,Bristol Rovers,Bristol Rovers,LCB,"LCB, LCMF",England League Two 2025-26,25.0,275000,30/06/2027,no,2773,50.09,41.37,46.98,51.71,57.77,48.17,69.95,9.03,0.55,9.8,0.26,54.55,5.71,81.01,27.0,17.36,7.4,58.33,0.88,0.26,0.0,0.0,0.0,0.0,0.0
M. Dyche,Northampton Town,Northampton Town,CB,"CB, RCB, LCB",England League One 2025-26,23.0,0,30/06/2027,no,2054,35.95,51.62,45.33,54.71,74.99,48.14,67.39,7.34,0.19,7.93,0.83,58.0,6.57,81.98,22.61,16.26,7.58,60.12,0.7,0.09,0.0,0.0,0.0,0.0,0.0
M. Baker,Newport County,Newport County,LCB,"LCB, RCB, CB",England League Two 2025-26,23.0,0,30/06/2026,no,3448,46.12,33.01,60.79,41.37,77.48,47.59,76.92,6.43,0.26,8.87,0.6,46.04,6.92,87.87,30.77,20.07,6.21,54.2,0.65,0.08,0.0,0.03,0.0,0.0,0.0
D. Daniels,Oldham Athletic,Oldham Athletic,RCB,"RCB, CB",England League Two 2025-26,32.0,225000,30/06/2027,no,3782,42.9,37.08,43.31,66.75,80.45,47.38,77.0,6.64,0.07,8.33,0.62,47.83,7.12,83.56,18.97,11.4,7.54,70.03,0.62,0.05,0.0,0.02,0.02,100.0,0.0
A. Pond,Crewe Alexandra,Crewe Alexandra,RCB,"RCB, LCB",England League Two 2025-26,22.0,0,30/06/2027,yes,1495,33.7,66.27,60.88,37.8,44.12,47.26,60.42,7.0,0.69,8.85,0.66,61.76,8.19,86.79,31.91,22.33,7.16,47.9,1.08,0.36,0.0,0.0,0.0,0.0,0.0
J. Debrah,Bromley,Port Vale,CB,"CB, RCB",England League One 2025-26,25.0,200000,30/06/2026,yes,1435,29.79,52.18,56.69,52.1,79.46,46.86,83.33,3.45,0.0,6.02,0.38,59.79,6.08,88.28,24.08,18.44,5.58,65.17,0.63,0.06,0.0,0.0,0.0,0.0,0.0
E. Turns,Exeter City,Exeter City,LCB,"LCB, RCB, CB",England League One 2025-26,23.0,400000,30/06/2027,no,1779,31.49,51.0,78.74,45.15,62.11,45.99,64.75,6.52,0.29,8.75,0.71,61.54,5.26,90.75,42.65,34.3,7.69,51.97,1.11,0.05,0.0,0.0,0.0,0.0,0.0
E. Turns,Exeter City,Exeter City,LCB,"LCB, RCB, CB",England League One 2025-26,23.0,400000,30/06/2027,no,1779,31.49,51.0,78.74,45.15,62.11,45.99,69.7,6.84,0.28,9.81,1.01,60.78,5.16,88.95,39.34,33.88,10.21,53.47,1.21,0.0,0.0,0.0,0.0,0.0,0.0
N. Byrne,Doncaster Rovers,Doncaster Rovers,RCB,RCB,England League One 2025-26,33.0,100000,30/06/2026,yes,1780,29.13,59.2,49.52,57.86,67.17,45.97,65.63,7.25,0.0,8.04,0.71,66.35,5.26,83.2,25.58,17.54,8.19,60.49,0.81,0.15,0.0,0.0,0.0,0.0,0.0
N. Canavan,Barrow,Barrow,CB,"CB, LCB",England League Two 2025-26,34.0,100000,30/06/2026,no,2406,39.67,54.19,44.96,67.08,48.81,45.89,71.59,6.89,0.25,7.63,0.79,58.79,6.81,81.23,24.31,15.71,9.54,63.14,0.9,0.22,0.11,0.0,0.0,0.0,0.0
K. McFadzean,Chesterfield,Chesterfield,LCB,"LCB, RCB",England League Two 2025-26,39.0,200000,,no,3175,33.92,53.71,78.55,75.18,39.86,45.85,67.26,7.96,0.2,7.88,0.43,65.22,4.56,91.05,42.46,33.17,10.54,66.13,1.33,0.23,0.03,0.0,0.0,0.0,0.0
F. Potter,Fleetwood Town,Fleetwood Town,LCB,"LCB, CB",England League Two 2025-26,22.0,0,30/06/2027,no,2435,32.98,46.3,64.73,83.61,63.16,45.71,64.04,7.89,0.49,7.72,0.37,54.4,6.73,85.81,37.26,26.98,12.49,65.98,0.67,0.3,0.0,0.04,0.0,0.0,0.0
S. Sessegnon,Wigan Athletic,Wigan Athletic,RCB,"RCB, LCB",England League One 2025-26,25.0,375000,30/06/2026,no,720,58.42,51.26,56.99,55.09,0.0,45.69,67.92,8.23,1.2,11.38,0.25,64.71,4.25,84.34,31.13,22.88,8.13,58.46,1.38,0.5,0.25,0.0,0.0,0.0,0.0
S. Gale,Gillingham,Gillingham,RCB,"RCB, LCB",England League Two 2025-26,21.0,0,30/06/2028,no,3509,47.09,43.49,37.44,61.36,53.36,44.65,77.74,6.2,0.26,10.41,0.33,56.6,5.44,78.98,20.13,12.13,7.95,64.19,1.08,0.21,0.0,0.0,0.0,0.0,0.0
J. Earl,Barnsley,Barnsley,LCB,"LCB, LB",England League One 2025-26,27.0,750000,30/06/2027,no,1468,35.83,45.11,81.19,76.83,45.28,44.49,64.84,7.7,0.39,8.64,0.55,54.21,6.56,89.65,46.78,37.89,11.22,65.03,1.23,0.25,0.0,0.0,0.0,0.0,0.0
J. Ruffels,Shrewsbury Town,Shrewsbury Town,LCB,"LCB, LCMF",England League Two 2025-26,32.0,400000,30/06/2026,no,2244,35.08,48.53,44.23,53.86,72.47,44.4,67.97,6.86,0.32,8.9,0.44,51.74,8.06,79.64,26.79,16.12,7.42,60.0,0.68,0.08,0.04,0.04,0.0,0.0,0.0
H. Burke,Walsall,Walsall,RCB,"RCB, LCB",England League Two 2025-26,23.0,0,30/06/2028,no,1645,22.15,63.06,33.19,51.64,85.31,44.2,68.83,5.27,0.07,7.28,0.44,64.23,6.73,76.1,21.06,11.11,7.99,56.16,0.49,0.05,0.0,0.0,0.0,0.0,0.0
G. Bajrami,Crawley Town,Crawley Town,CB,"CB, DMF, LCMF",England League Two 2025-26,26.0,100000,30/06/2026,yes,2155,48.96,37.27,70.48,64.39,36.23,44.18,74.17,7.39,0.52,9.1,0.42,50.0,6.43,88.88,40.18,25.68,7.64,67.76,1.34,0.33,0.0,0.08,0.08,50.0,0.0
K. John,Port Vale,Port Vale,RCB,"RCB, RB, RWB",England League One 2025-26,25.0,150000,30/06/2027,no,2047,30.33,53.5,38.32,59.35,75.8,43.94,69.11,6.07,0.23,8.57,0.35,68.35,3.47,80.64,16.58,13.19,6.68,67.11,0.53,0.18,0.0,0.04,0.0,0.0,0.0
Z. Medley,Bromley,Bromley,LCB,"LCB, LWB",England League Two 2025-26,25.0,400000,30/06/2026,yes,2020,49.48,33.82,37.47,64.07,62.12,43.63,66.4,9.73,0.14,10.11,0.94,47.62,6.55,77.52,20.81,16.08,8.64,63.92,0.94,0.09,0.04,0.04,0.04,100.0,0.04
J. Bedeau,Notts County,Notts County,LCB,LCB,England League Two 2025-26,26.0,325000,30/06/2027,no,4159,31.37,46.22,75.67,70.28,57.61,43.49,68.66,6.67,0.17,8.42,0.41,56.47,6.02,88.34,43.04,35.01,10.06,63.87,0.95,0.22,0.0,0.0,0.0,0.0,0.0
O. Beckles,Gillingham,Gillingham,CB,"CB, RCB",England League Two 2025-26,34.0,100000,30/06/2027,no,840,34.26,62.48,34.91,48.16,51.07,43.22,76.74,5.6,0.16,7.29,0.32,66.07,6.0,78.19,20.14,9.21,6.32,59.32,0.96,0.32,0.0,0.0,0.0,0.0,0.0
F. Blake-Tracy,Mansfield Town,Mansfield Town,LCB,"LCB, LB",England League One 2025-26,30.0,200000,30/06/2026,no,3058,18.16,60.73,57.38,52.97,80.62,43.14,64.47,5.36,0.15,7.24,0.47,60.63,7.48,84.64,29.31,25.1,7.65,58.46,0.5,0.12,0.0,0.0,0.0,0.0,0.03
J. Low,Huddersfield Town,Huddersfield Town,LCB,"LCB, CB, RCB",England League One 2025-26,24.0,275000,30/06/2028,no,2356,14.63,68.98,76.97,50.76,58.76,42.37,63.21,5.35,0.16,6.46,0.46,71.94,5.31,90.64,42.86,30.56,7.22,58.2,1.15,0.08,0.0,0.0,0.0,0.0,0.0
K. Hughes,Fleetwood Town,Fleetwood Town,LCB,LCB,England League Two 2025-26,20.0,0,30/06/2027,no,1502,39.02,39.63,48.61,54.25,70.14,42.36,77.33,5.83,0.17,7.79,0.48,57.53,4.37,82.63,25.53,17.5,6.35,64.15,0.78,0.12,0.0,0.0,0.0,0.0,0.0
L. Agbaire,Rotherham United,Rotherham United,RCB,"RCB, CB",England League One 2025-26,21.0,0,30/06/2028,no,965,32.16,64.71,50.41,34.28,42.62,42.02,63.27,6.7,0.4,7.83,0.93,63.29,7.37,85.04,25.55,13.52,4.66,54.0,1.4,0.19,0.0,0.0,0.0,0.0,0.0
A. Hartridge,Burton Albion,Burton Albion,LCB,LCB,England League One 2025-26,27.0,275000,30/06/2026,no,3329,25.64,48.12,52.88,79.95,76.02,41.93,61.34,7.25,0.15,8.52,0.59,59.02,5.54,84.14,27.28,19.57,10.54,70.0,0.59,0.14,0.0,0.03,0.0,0.0,0.0
J. Moon,Burton Albion,Burton Albion,CB,CB,England League One 2025-26,25.0,300000,30/06/2026,no,1289,28.04,50.3,57.03,59.0,69.28,41.87,68.33,6.73,0.1,7.54,0.42,56.0,6.98,89.68,23.67,15.15,4.61,74.24,0.77,0.14,0.0,0.0,0.0,0.0,0.0
M. Fox,Wigan Athletic,Wigan Athletic,LCB,"LCB, LB",England League One 2025-26,32.0,600000,30/06/2027,no,2883,33.46,31.66,68.38,88.18,74.3,41.7,74.23,5.26,0.11,8.18,0.56,53.33,4.21,89.07,32.56,30.31,11.24,74.17,0.69,0.06,0.03,0.22,0.06,50.0,0.06
L. Macari,Notts County,Notts County,RCB,RCB,England League Two 2025-26,24.0,225000,30/06/2027,no,3141,23.44,42.22,75.32,68.05,81.61,41.59,64.5,6.16,0.22,7.34,0.54,57.14,5.01,88.44,42.15,35.07,9.37,64.53,0.49,0.11,0.0,0.03,0.0,0.0,0.0
J. Baptiste,Rotherham United,Rotherham United,LCB,"LCB, RCB",England League One 2025-26,22.0,250000,31/05/2026,yes,2804,42.6,41.02,52.08,49.85,52.83,41.08,67.71,7.79,0.37,9.85,0.55,53.48,6.0,84.29,26.77,18.01,5.87,62.3,1.0,0.22,0.03,0.0,0.0,0.0,0.0
K. Cameron,Bromley,Bromley,LCB,"LCB, CB",England League Two 2025-26,29.0,250000,,no,1613,36.67,44.79,33.8,44.53,73.42,40.57,75.31,5.26,0.33,7.2,0.61,52.8,6.97,79.72,15.96,7.2,6.03,57.41,0.61,0.17,0.0,0.06,0.0,0.0,0.0
S. Swinkels,Chesterfield,Exeter City,LCB,LCB,England League One 2025-26,22.0,150000,30/06/2026,yes,550,14.18,66.94,61.64,63.52,62.06,39.9,56.0,6.14,0.35,8.35,0.33,72.41,4.75,85.87,30.11,29.29,10.15,58.06,0.65,0.33,0.0,0.0,0.0,0.0,0.0
M. Kacurri,Grimsby Town,Grimsby Town,RCB,RCB,England League Two 2025-26,20.0,0,30/06/2027,no,1102,40.37,45.54,45.18,54.95,48.65,39.84,79.66,6.45,0.14,7.68,0.16,53.57,6.86,82.09,24.17,13.56,7.84,59.38,1.14,0.25,0.0,0.0,0.0,0.0,0.0
J. Husband,Blackpool,Blackpool,LCB,LCB,England League One 2025-26,32.0,450000,30/06/2026,no,1452,28.39,57.46,55.07,51.89,50.82,39.73,62.65,7.91,0.09,8.99,0.43,65.12,5.33,85.54,25.72,21.76,7.44,58.33,0.87,0.19,0.12,0.12,0.0,0.0,0.0
A. Smith,Gillingham,Gillingham,LCB,"LCB, RCB",England League Two 2025-26,24.0,175000,30/06/2028,no,3161,47.07,39.94,37.26,39.6,50.59,39.29,71.43,6.7,0.46,9.17,0.91,54.79,5.35,80.71,17.71,9.2,5.12,56.67,1.22,0.17,0.0,0.0,0.0,0.0,0.0
H. Holgate,Fleetwood Town,Fleetwood Town,RCB,"RCB, CB, LCB",England League Two 2025-26,25.0,175000,30/06/2026,no,1617,41.3,15.48,57.59,69.75,90.69,39.09,73.45,7.12,0.08,9.85,0.39,45.45,3.67,85.01,30.45,22.88,10.58,61.58,0.33,0.06,0.0,0.0,0.0,0.0,0.0
O. Clarke,Swindon Town,Swindon Town,LCB,"LCB, RCMF",England League Two 2025-26,33.0,150000,,no,2255,41.98,44.34,38.59,51.66,49.57,39.01,68.18,6.37,0.8,8.86,0.52,50.0,7.82,78.37,21.03,15.45,7.14,59.22,1.16,0.16,0.04,0.0,0.0,0.0,0.0
S. Roughan,Huddersfield Town,Huddersfield Town,LCB,"LCB, LB",England League One 2025-26,23.0,700000,30/06/2028,no,2263,23.79,44.0,66.83,74.49,71.86,38.87,60.58,8.36,0.12,8.87,0.08,58.54,4.89,85.18,37.03,33.88,9.66,68.72,0.8,0.08,0.0,0.32,0.0,0.0,0.84
C. Tilt,Bradford City,Bradford City,LCB,"LCB, CB",England League One 2025-26,34.0,100000,30/06/2027,no,2603,36.75,66.47,40.34,47.72,18.55,38.74,65.04,7.8,0.16,10.13,0.59,65.99,6.81,78.9,23.27,14.63,7.3,55.45,1.73,0.38,0.0,0.0,0.0,0.0,0.0
C. Humphreys,Port Vale,Port Vale,RCB,"RCB, CB, LCB",England League One 2025-26,27.0,900000,30/06/2027,no,2944,19.93,54.67,63.98,56.07,67.92,38.57,59.88,6.3,0.25,7.86,0.58,65.99,4.49,90.01,30.3,20.6,6.33,65.7,0.79,0.15,0.0,0.03,0.0,0.0,0.0
L. Offord,Milton Keynes Dons,Milton Keynes Dons,LCB,"LCB, RCB",England League Two 2025-26,26.0,275000,,no,3797,38.77,40.95,51.0,70.1,43.67,36.9,70.66,6.85,0.36,8.86,0.4,54.1,5.78,82.97,26.17,20.74,10.29,62.9,1.16,0.24,0.05,0.02,0.0,0.0,0.05
E. Hewitt,Mansfield Town,Mansfield Town,RCB,"RCB, RWB, RB",England League One 2025-26,31.0,150000,30/06/2026,no,1360,25.33,65.22,42.9,69.44,36.06,36.73,64.89,6.17,0.17,8.87,0.4,68.6,5.69,79.26,23.29,18.99,8.27,69.6,1.46,0.26,0.0,0.0,0.0,0.0,0.0
J. Smith,Accrington Stanley,Accrington Stanley,RCB,"RCB, LCB",England League Two 2025-26,20.0,0,30/06/2027,no,736,31.6,47.57,40.51,68.8,55.26,36.36,62.5,6.91,0.59,8.93,0.37,53.33,7.34,78.92,22.62,15.77,8.68,67.61,0.98,0.24,0.0,0.0,0.0,0.0,0.0
C. Haughey,Fleetwood Town U21,Fleetwood Town,CB,CB,England League Two 2025-26,18.0,0,30/06/2029,no,1752,39.62,14.73,66.71,68.17,82.14,36.31,73.12,6.42,0.25,7.6,0.77,45.07,3.65,90.61,32.26,22.04,7.96,69.68,0.41,0.15,0.0,0.05,0.0,0.0,0.0
J. Carragher,Wigan Athletic,Wigan Athletic,RCB,"RCB, CB",England League One 2025-26,23.0,0,30/06/2027,no,1424,25.41,40.38,65.53,62.15,71.44,36.29,72.22,4.77,0.16,7.21,0.38,53.85,5.75,87.37,36.03,25.22,8.6,62.5,0.63,0.19,0.0,0.0,0.0,0.0,0.0
L. Hoole,Shrewsbury Town,Shrewsbury Town,RCB,"RCB, RWB, RB",England League Two 2025-26,23.0,200000,30/06/2026,no,2841,37.76,46.59,38.0,52.03,47.49,36.18,66.67,6.28,0.59,10.01,0.41,56.12,6.21,78.68,20.21,14.22,7.13,59.56,1.27,0.19,0.0,0.06,0.06,50.0,0.0
B. Kirkman,Swindon Town,Swindon Town,LCB,"LCB, LB",England League Two 2025-26,22.0,0,,no,584,54.86,9.05,61.92,78.76,51.45,35.98,56.25,11.52,0.72,13.41,0.46,33.33,6.47,85.96,35.14,23.12,9.55,72.58,1.23,0.15,0.0,0.0,0.0,0.0,0.0
L. Garbutt,Salford City,Salford City,LCB,"LCB, LB",England League Two 2025-26,32.0,175000,30/06/2027,no,3929,30.95,32.94,59.56,75.77,69.1,35.7,62.74,7.3,0.46,8.45,0.44,51.34,5.13,86.47,29.46,23.66,9.64,69.83,0.69,0.16,0.02,1.67,0.48,38.1,2.15
P. Brough,Tranmere Rovers,Tranmere Rovers,LCB,"LCB, LB, LWB",England League Two 2025-26,30.0,275000,30/06/2027,no,3743,34.79,41.4,41.42,64.7,57.7,35.69,61.44,8.41,0.35,9.55,0.48,52.87,6.28,79.11,23.13,16.47,8.54,64.79,1.03,0.17,0.0,0.12,0.0,0.0,0.0
G. Nevett,Peterborough United,Peterborough United,LCB,"LCB, CB",England League One 2025-26,20.0,0,30/06/2028,no,1357,26.54,37.75,87.93,39.83,60.15,34.41,67.9,5.69,0.09,7.83,0.66,57.38,4.05,92.54,50.67,38.07,6.76,50.98,0.8,0.27,0.0,0.0,0.0,0.0,0.0
E. Weir,Walsall,Walsall,LCB,LCB,England League Two 2025-26,23.0,100000,30/06/2026,no,2890,27.83,30.7,43.51,80.27,84.32,33.6,74.07,5.09,0.2,6.57,0.34,54.17,3.74,80.14,21.96,19.15,10.37,70.87,0.5,0.06,0.0,2.65,0.28,33.33,2.4
A. Jackson,Lincoln City,Lincoln City,RCB,"RCB, LCB",England League One 2025-26,31.0,250000,30/06/2027,no,847,36.21,41.72,51.4,59.73,41.37,33.55,65.0,7.13,0.4,8.71,0.74,49.3,7.54,87.06,21.36,14.45,6.59,67.74,1.28,0.11,0.11,0.0,0.0,0.0,0.0
J. Gibbons,Cambridge United,Cambridge United,RCB,"RCB, RB, LB",England League Two 2025-26,28.0,150000,30/06/2026,no,2796,25.55,35.15,55.07,83.03,71.42,33.14,68.18,6.54,0.15,7.27,0.26,52.87,5.05,82.77,30.45,24.72,10.78,71.64,0.68,0.16,0.0,0.03,0.0,0.0,0.0
R. Harbottle,Bristol Rovers,Bristol Rovers,LCB,"LCB, RCB",England League Two 2025-26,25.0,200000,30/06/2028,no,1033,54.48,28.64,39.76,49.23,26.39,32.41,76.25,7.02,0.44,9.76,0.78,38.38,8.63,81.13,18.47,12.28,5.14,64.41,1.57,0.35,0.0,0.0,0.0,0.0,0.0
J. Lewis,AFC Wimbledon,AFC Wimbledon,CB,"CB, RCB",England League One 2025-26,26.0,175000,,no,2196,21.24,57.45,49.67,89.76,35.41,31.83,65.5,5.5,0.0,8.65,0.49,62.67,6.15,82.2,26.02,20.57,13.11,68.75,1.39,0.25,0.04,0.0,0.0,0.0,0.0
T. Allen,Wycombe Wanderers,Wycombe Wanderers,LCB,"LCB, LB",England League One 2025-26,25.0,125000,30/06/2026,no,2571,22.28,33.01,75.04,71.64,69.3,31.41,69.72,5.25,0.16,7.11,0.25,54.87,3.96,90.24,39.1,32.52,8.93,69.02,0.6,0.18,0.04,0.04,0.0,0.0,0.0
R. Browne,Walsall,Walsall,RCB,"RCB, RB",England League Two 2025-26,22.0,0,30/06/2026,no,1519,32.13,41.58,44.57,44.73,55.17,31.41,71.59,5.17,0.46,8.06,0.3,59.15,4.21,81.89,23.88,13.27,6.81,54.78,1.18,0.12,0.0,0.0,0.0,0.0,0.0
S. Aljofree,Notts County,Notts County,RCB,RCB,England League Two 2025-26,21.0,0,31/05/2026,yes,767,18.52,29.98,66.53,57.88,89.15,29.39,67.44,6.4,0.0,7.16,0.0,42.86,7.39,87.1,36.38,27.81,7.74,62.12,0.47,0.0,0.0,0.0,0.0,0.0,0.0
J. Golding,Southend United,Crewe Alexandra,RCB,"RCB, LCB",England League Two 2025-26,21.0,0,30/06/2026,yes,638,21.15,54.98,61.01,69.16,31.46,29.21,63.27,5.59,0.19,8.75,0.42,55.17,8.18,85.32,35.55,22.71,9.17,66.15,1.55,0.28,0.0,0.0,0.0,0.0,0.0
P. Sweeney,Exeter City,Exeter City,RCB,"RCB, RB",England League One 2025-26,31.0,500000,30/06/2026,no,3179,20.22,29.86,77.22,81.97,67.83,28.82,60.48,6.75,0.16,7.84,0.51,51.59,4.44,87.85,44.02,38.7,11.95,66.59,0.71,0.2,0.0,0.11,0.0,0.0,0.2
T. Sibbick,Burton Albion,Burton Albion,CB,"CB, LWB, LCB",England League One 2025-26,26.0,650000,30/06/2026,no,2845,33.03,20.96,50.23,50.75,79.46,28.68,72.73,6.1,0.0,9.49,0.28,51.11,2.85,84.14,24.33,17.62,6.77,59.81,0.63,0.06,0.0,0.03,0.0,0.0,0.0
S. Raggett,Cambridge United,Rotherham United,CB,CB,England League One 2025-26,32.0,300000,30/06/2026,yes,466,13.19,54.28,57.16,50.46,60.98,28.62,60.0,5.81,0.23,6.76,0.39,61.29,5.99,89.47,25.69,13.52,3.86,70.0,0.58,0.39,0.0,0.0,0.0,0.0,0.0
J. Anderson,Barrow,Barrow,LCB,"LCB, LB",England League Two 2025-26,25.0,175000,30/06/2027,no,761,35.21,29.15,50.78,79.02,46.19,28.28,67.86,7.05,0.36,9.34,0.24,51.35,4.38,82.61,27.2,20.11,9.93,71.43,1.42,0.12,0.0,0.0,0.0,0.0,0.0
J. Rafferty,Rotherham United,Rotherham United,RCB,"RCB, RB",England League One 2025-26,32.0,350000,30/06/2026,no,3188,32.57,23.54,47.95,69.4,65.56,27.04,64.55,6.32,0.66,8.53,0.4,51.28,3.3,82.86,22.08,19.76,8.72,67.96,0.82,0.17,0.0,0.08,0.0,0.0,0.06
T. Vancooten,Burton Albion,Burton Albion,CB,"CB, RCB",England League One 2025-26,28.0,225000,30/06/2027,no,1508,26.46,45.71,49.61,61.08,38.41,26.81,58.76,8.09,0.25,9.31,0.36,51.16,7.7,81.38,28.53,19.87,8.83,60.81,1.43,0.24,0.0,0.0,0.0,0.0,0.0
S. Rooney,Fleetwood Town,Fleetwood Town,RCB,"RCB, RWB",England League Two 2025-26,29.0,400000,30/06/2027,no,2155,31.35,43.03,52.45,77.2,17.6,24.99,59.04,9.18,0.19,10.15,0.29,54.48,6.06,82.39,29.4,21.63,10.4,68.27,1.8,0.29,0.04,0.0,0.0,0.0,0.0
F. Delap,Burton Albion,Burton Albion,CB,"CB, RCB",England League One 2025-26,20.0,0,30/06/2027,no,529,17.45,60.51,43.74,66.17,28.51,24.78,46.67,9.52,0.21,10.38,0.34,62.5,6.81,80.41,25.18,14.63,10.21,60.0,1.53,0.34,0.0,0.0,0.0,0.0,0.0
L. Shipley,Barrow,Barrow,LCB,"LCB, LB",England League Two 2025-26,22.0,300000,30/06/2027,no,2080,25.65,26.65,48.81,47.46,71.48,23.0,63.04,5.53,0.4,8.22,0.69,47.86,5.06,80.87,28.73,19.56,7.75,53.63,0.69,0.09,0.04,0.0,0.0,0.0,0.0
J. Lowe,Tranmere Rovers,Tranmere Rovers,RCB,"RCB, RB",England League Two 2025-26,34.0,125000,30/06/2026,no,660,33.99,1.4,63.54,94.56,72.65,22.52,63.16,5.76,0.99,7.91,0.55,40.0,2.73,85.77,35.45,26.86,12.68,74.19,0.68,0.14,0.0,0.14,0.0,0.0,0.0
J. Thompson,Barrow,Barrow,RCB,RCB,England League Two 2025-26,20.0,0,,yes,678,21.49,38.11,46.6,61.81,50.41,21.16,70.59,5.4,0.0,7.04,0.27,51.06,6.24,79.9,27.08,20.04,8.89,61.19,1.06,0.27,0.0,0.0,0.0,0.0,0.0
O. Turton,Salford City,Salford City,RCB,RCB,England League Two 2025-26,33.0,500000,,no,3022,31.28,14.35,43.5,72.16,69.0,20.71,69.2,5.67,0.44,8.37,0.3,43.48,4.11,79.57,23.62,18.85,9.5,67.4,0.86,0.09,0.0,0.06,0.0,0.0,0.0
R. Harbottle,Bristol Rovers,AFC Wimbledon,LCB,LCB,England League One 2025-26,25.0,200000,30/06/2028,no,568,33.84,30.7,32.13,26.26,51.45,20.43,68.89,4.77,0.6,9.19,0.48,47.37,6.02,76.99,17.9,9.98,5.23,45.45,0.95,0.32,0.0,0.0,0.0,0.0,0.0
U. Godwin-Malife,Burton Albion,Burton Albion,RCB,RCB,England League One 2025-26,25.0,325000,30/06/2027,no,3198,7.66,44.1,49.24,60.13,71.2,20.25,57.72,6.18,0.08,6.5,0.31,61.94,3.77,82.37,26.65,18.26,7.09,66.27,0.62,0.2,0.0,0.0,0.0,0.0,0.0
I. Ogundere,AFC Wimbledon,AFC Wimbledon,RCB,"RCB, RB",England League One 2025-26,23.0,0,30/06/2027,no,3921,25.69,19.6,55.0,63.32,66.0,19.87,65.11,5.83,0.03,9.09,0.69,45.6,4.43,84.7,27.91,21.53,9.07,61.77,0.94,0.09,0.0,0.0,0.0,0.0,0.0
J. Yfeko,Exeter City,Exeter City,LCB,LCB,England League One 2025-26,22.0,0,,no,650,26.98,6.04,82.1,90.89,53.17,17.01,66.67,6.57,0.0,7.75,0.69,39.29,3.88,91.13,45.28,36.97,10.52,78.95,0.97,0.28,0.0,0.0,0.0,0.0,0.0
M. Williams,Barrow,Barrow,RCB,"RCB, RCMF, RDMF",England League Two 2025-26,30.0,250000,30/06/2027,no,1770,20.69,21.27,57.22,65.59,62.32,16.33,62.03,6.15,0.34,7.37,0.41,51.92,2.64,86.19,29.08,19.98,7.98,67.52,0.81,0.15,0.05,0.0,0.0,0.0,0.0
J. Hunt,Wigan Athletic,Wigan Athletic,RCB,"RCB, RB, RWB",England League One 2025-26,35.0,100000,30/06/2026,no,634,22.37,3.51,57.06,81.83,76.77,12.83,65.12,5.44,0.0,7.81,0.85,36.67,4.26,80.0,36.2,30.66,12.63,64.04,0.57,0.14,0.0,0.0,0.0,0.0,0.0
D. Love,Accrington Stanley,Accrington Stanley,RCB,"RCB, RWB",England League Two 2025-26,31.0,175000,30/06/2028,no,2720,31.47,0.0,48.32,82.63,46.97,7.21,67.06,7.13,0.33,8.93,0.1,38.64,2.91,81.3,24.95,21.94,10.56,72.1,0.86,0.4,0.03,0.2,0.03,0.0,0.1
F. Sass,Accrington Stanley,Accrington Stanley,LCB,"LCB, LB, LWB",England League Two 2025-26,24.0,0,,no,1621,0.0,46.43,37.75,56.57,50.59,6.22,56.47,5.09,0.0,6.22,0.33,58.0,5.55,78.53,18.88,15.88,8.44,58.55,1.22,0.17,0.0,0.0,0.0,0.0,0.06
A. MacDonald,Barrow,Barrow,RCB,"RCB, CB",England League Two 2025-26,33.0,300000,,no,730,12.64,17.64,32.28,45.18,62.28,0.13,64.0,4.49,0.18,5.18,0.74,41.86,5.3,78.03,16.27,9.0,5.92,58.33,0.99,0.12,0.0,0.0,0.0,0.0,0.0
B. Webster,Bromley,Bromley,CB,"CB, LCB",England League Two 2025-26,38.0,0,30/06/2026,no,603,9.25,38.43,24.94,43.53,34.76,0.0,62.07,5.91,0.0,6.42,0.15,54.29,5.22,73.87,16.57,6.27,5.67,57.89,1.04,0.3,0.15,0.15,0.0,0.0,0.15
