Player,Team,Team within selected timeframe,Main Position,Position,League,Age,Market value,Contract expires,On loan,Minutes played,Goal Threat Att,Creativity Att,Dribbling Att,Aerial Att,Defending Att,ST Rating,Non-penalty goals per 90,xG per 90,"Shots on target, %",Touches in box per 90,Key passes per 90,xA per 90,Deep completions per 90,"Successful dribbles, %",Dribbles per 90,Accelerations per 90,"Aerial duels won, %",Aerial duels per 90,Head goals per 90,"Defensive duels won, %",Successful defensive actions per 90,Defensive duels per 90,Free kicks per 90,Direct free kicks per 90,"Direct free kicks on target, %",Corners per 90
N. Méndez-Laing,Milton Keynes Dons,Milton Keynes Dons,CF,"CF, LWF",England League Two 2025-26,33.0,400000,30/06/2026,no,1584,70.03,100.0,100.0,21.91,58.43,100.0,0.23,0.34,65.52,3.52,0.97,0.2,1.08,71.88,5.45,0.68,21.74,2.61,0.0,61.9,4.49,3.58,0.0,0.0,0.0,0.11
A. Sidibeh,Stockport County,Stockport County,CF,"CF, RWF",England League One 2025-26,27.0,0,30/06/2028,no,721,98.62,64.03,20.31,78.95,56.94,91.49,0.62,0.39,50.0,6.12,0.5,0.13,1.0,28.57,0.87,0.0,36.49,9.24,0.37,62.96,4.24,3.37,0.0,0.0,0.0,0.0
A. Cook,Grimsby Town,Grimsby Town,CF,CF,England League Two 2025-26,35.0,150000,30/06/2026,yes,1201,87.53,53.1,38.17,79.05,49.79,85.72,0.52,0.52,48.57,4.12,0.3,0.13,0.97,50.0,0.9,0.22,43.68,13.04,0.15,70.83,3.07,1.8,0.0,0.0,0.0,0.0
J. Kenny,Bolton Wanderers,Bolton Wanderers,CF,"CF, AMF, RAMF",England League One 2025-26,22.0,175000,31/05/2029,yes,619,77.55,80.81,47.88,42.78,57.76,84.55,0.15,0.6,36.84,4.65,0.58,0.26,0.73,64.29,2.04,0.0,26.47,4.94,0.15,71.43,4.07,2.04,0.0,0.0,0.0,0.0
R. Oné,Lincoln City,Lincoln City,CF,"CF, RAMF, LAMF",England League One 2025-26,19.0,0,,yes,465,100.0,34.47,52.96,51.64,45.43,84.01,0.97,0.31,57.14,4.84,0.19,0.1,0.58,55.56,1.74,0.39,27.5,7.74,0.19,43.48,5.03,4.45,0.0,0.0,0.0,0.0
S. Lavery,Cambridge United,Cambridge United,CF,"CF, AMF",England League Two 2025-26,27.0,450000,30/06/2026,no,1026,94.9,43.89,58.43,31.41,56.04,82.6,0.53,0.49,51.85,5.09,0.26,0.04,1.23,30.56,3.16,0.61,20.37,9.47,0.0,54.24,3.95,5.18,0.0,0.0,0.0,0.0
L. Nordås,Heerenveen,Luton Town,CF,"CF, AMF",England League One 2025-26,24.0,1200000,30/06/2026,yes,486,80.93,56.94,68.11,49.81,30.77,82.4,0.19,0.44,50.0,5.37,0.56,0.07,0.93,81.82,2.04,0.37,31.25,11.85,0.0,47.06,3.15,3.15,0.0,0.0,0.0,0.0
K. N’Mai,Salford City,Salford City,CF,"CF, LWB, LW",England League Two 2025-26,21.0,0,30/06/2026,no,2133,54.07,81.39,93.21,7.43,65.57,78.13,0.21,0.23,26.83,4.98,0.55,0.12,1.73,50.33,6.46,0.55,11.9,1.77,0.0,50.38,5.99,5.53,0.0,0.0,0.0,0.04
A. Adomah,Walsall,Walsall,CF,"CF, RWF",England League Two 2025-26,38.0,150000,30/06/2026,no,1299,55.25,66.05,83.54,30.82,72.04,77.34,0.35,0.23,52.38,2.77,0.48,0.21,0.62,43.28,4.64,0.83,23.53,3.53,0.07,61.76,5.68,4.71,0.14,0.07,0.0,0.76
R. Oates,Mansfield Town,Mansfield Town,CF,"CF, LAMF",England League One 2025-26,31.0,125000,30/06/2027,no,1877,68.16,57.41,77.21,32.54,42.18,75.18,0.34,0.38,40.0,4.12,0.43,0.16,0.67,51.79,5.37,0.29,22.66,6.14,0.05,50.62,3.64,3.88,0.0,0.0,0.0,0.0
L. Tolaj,Plymouth Argyle,Plymouth Argyle,CF,CF,England League One 2025-26,24.0,0,30/06/2029,no,2486,76.52,50.65,52.65,53.76,43.17,75.07,0.36,0.54,41.77,3.69,0.36,0.09,0.98,63.64,1.99,0.18,40.43,5.1,0.04,55.17,3.66,3.15,0.11,0.11,33.33,0.07
F. Holman,Swindon Town,Swindon Town,CF,"CF, RAMF, AMF",England League Two 2025-26,21.0,0,30/06/2027,no,1033,81.17,49.41,67.66,20.07,37.84,72.9,0.44,0.45,57.14,3.66,0.44,0.11,0.61,61.9,3.66,0.26,19.05,3.66,0.0,58.62,2.7,2.53,0.09,0.0,0.0,0.09
T. Walton,Accrington Stanley,Accrington Stanley,CF,CF,England League Two 2025-26,27.0,0,30/06/2026,no,979,69.0,26.36,52.63,82.92,50.96,70.85,0.37,0.36,50.0,3.59,0.09,0.07,0.64,66.67,2.48,0.0,38.12,18.57,0.18,51.11,4.78,4.14,0.0,0.0,0.0,0.0
A. Jatta,Notts County,Notts County,CF,CF,England League Two 2025-26,27.0,325000,30/06/2027,no,2387,82.39,40.36,38.59,49.21,53.43,70.61,0.53,0.43,63.64,3.13,0.3,0.08,0.72,57.89,0.72,0.15,30.91,8.29,0.08,66.67,3.81,2.49,0.0,0.0,0.0,0.0
D. Ballard,Leyton Orient,Leyton Orient,CF,CF,England League One 2025-26,21.0,300000,30/06/2028,no,3432,78.31,45.73,51.05,41.41,42.74,70.43,0.55,0.44,45.0,3.65,0.45,0.07,0.68,52.08,2.52,0.18,22.41,6.08,0.18,60.61,3.07,2.6,0.0,0.0,0.0,0.0
A. Drinan,Swindon Town,Swindon Town,CF,"CF, AMF",England League Two 2025-26,27.0,175000,30/06/2028,no,3489,77.41,40.85,44.52,51.84,50.21,69.91,0.46,0.43,54.12,3.43,0.31,0.1,0.59,50.0,1.65,0.23,33.99,6.53,0.1,66.67,3.35,2.4,0.0,0.0,0.0,0.0
A. Connolly,Leyton Orient,Leyton Orient,CF,"CF, LAMF, AMF",England League One 2025-26,26.0,2500000,30/06/2027,no,1660,68.87,47.24,83.23,13.44,46.6,69.75,0.38,0.42,34.33,4.07,0.43,0.1,0.6,51.4,5.8,0.38,13.7,3.96,0.0,63.27,3.14,2.66,0.33,0.16,33.33,1.95
Y. Salech,Cardiff City,Cardiff City,CF,CF,England League One 2025-26,24.0,1800000,30/06/2030,no,2313,85.75,34.68,28.81,88.87,6.18,69.36,0.43,0.61,37.14,4.32,0.23,0.05,0.82,45.45,0.86,0.0,51.98,8.83,0.23,37.25,2.1,1.98,0.0,0.0,0.0,0.0
R. Hepburn-Murphy,Milton Keynes Dons,Milton Keynes Dons,CF,"CF, RWF, LW",England League Two 2025-26,27.0,175000,30/06/2026,no,1879,65.84,30.18,82.48,32.3,62.18,69.33,0.34,0.31,52.78,3.54,0.24,0.06,0.53,56.7,4.65,0.57,27.08,4.6,0.0,56.07,4.69,5.13,0.1,0.1,0.0,0.0
M. Fondop-Talum,Oldham Athletic,Oldham Athletic,CF,CF,England League Two 2025-26,32.0,0,30/06/2027,no,2735,61.72,37.04,39.61,91.73,58.21,69.1,0.26,0.37,40.0,3.72,0.36,0.02,0.82,54.29,1.15,0.13,52.95,16.72,0.07,60.82,5.07,3.19,0.03,0.03,100.0,0.0
S. Humphrys,Bradford City,Bradford City,CF,"CF, AMF",England League One 2025-26,28.0,500000,30/06/2027,no,2265,66.24,39.33,62.85,58.39,40.62,68.97,0.28,0.41,35.9,4.17,0.36,0.07,0.6,50.5,4.01,0.2,37.08,10.61,0.04,60.38,3.26,2.11,0.12,0.12,33.33,0.04
J. March,Crewe Alexandra,Crewe Alexandra,CF,"CF, LAMF",England League Two 2025-26,29.0,100000,30/06/2027,no,2997,69.54,41.44,44.13,54.29,67.18,68.74,0.3,0.39,40.0,4.41,0.36,0.08,0.63,51.39,2.16,0.06,35.22,10.06,0.03,68.38,4.77,3.51,0.0,0.0,0.0,0.0
M. Mbick,Colchester United,Colchester United,CF,"CF, AMF",England League Two 2025-26,19.0,0,30/06/2028,yes,1605,66.6,46.64,54.04,39.6,62.43,67.5,0.39,0.36,42.11,3.7,0.39,0.09,0.73,62.5,2.69,0.06,29.23,7.29,0.0,56.04,4.77,5.1,0.06,0.06,0.0,0.0
R. Graydon,Salford City,Salford City,CF,CF,England League Two 2025-26,27.0,150000,30/06/2026,no,3561,61.99,46.46,46.6,70.75,44.86,67.11,0.28,0.38,34.88,3.92,0.38,0.08,0.81,41.57,2.25,0.28,44.36,9.63,0.1,57.76,3.66,2.93,0.0,0.0,0.0,0.0
S. Dalby,Bolton Wanderers,Bolton Wanderers,CF,"CF, AMF",England League One 2025-26,26.0,275000,30/06/2029,no,2480,69.84,44.43,29.73,84.35,32.81,66.74,0.36,0.34,52.63,3.74,0.44,0.08,0.58,54.55,0.4,0.0,48.8,12.12,0.15,53.85,3.45,1.89,0.0,0.0,0.0,0.0
Omar Bugiel,AFC Wimbledon,AFC Wimbledon,CF,CF,England League One 2025-26,32.0,200000,30/06/2026,no,2195,58.97,43.23,46.26,75.49,51.28,66.35,0.21,0.37,42.22,3.44,0.33,0.08,0.78,68.42,0.78,0.21,35.14,15.17,0.21,49.02,5.21,4.18,0.0,0.0,0.0,0.0
O. Kellyman,Cardiff City,Cardiff City,CF,"CF, AMF, RAMF",England League One 2025-26,20.0,0,30/06/2030,yes,1986,68.47,32.67,62.19,41.77,55.32,65.89,0.36,0.39,39.29,4.03,0.18,0.04,0.91,61.04,3.49,0.14,33.33,3.13,0.05,54.22,5.3,3.76,0.14,0.0,0.0,0.73
B. Radulović,Huddersfield Town,Huddersfield Town,CF,CF,England League One 2025-26,26.0,1000000,30/06/2027,no,1677,76.88,56.12,26.65,61.52,19.71,65.76,0.43,0.43,54.29,3.49,0.54,0.09,0.81,41.67,0.64,0.05,33.69,10.04,0.16,41.51,2.68,2.84,0.0,0.0,0.0,0.0
E. Tezgel,Crewe Alexandra,Crewe Alexandra,CF,"CF, AMF",England League Two 2025-26,20.0,0,30/06/2027,yes,1775,82.26,29.92,34.87,53.48,48.0,65.6,0.41,0.57,45.1,3.75,0.25,0.05,0.56,55.0,1.01,0.0,28.88,9.48,0.15,65.91,3.3,2.23,0.0,0.0,0.0,0.0
M. Mellon,Oldham Athletic,Oldham Athletic,CF,CF,England League Two 2025-26,22.0,0,31/05/2026,yes,1217,92.39,28.93,32.29,50.03,23.5,65.35,0.44,0.6,43.64,4.81,0.22,0.06,0.52,34.78,1.7,0.07,35.0,5.92,0.07,57.14,1.55,1.55,0.37,0.37,20.0,0.0
B. Ihionvien,Shrewsbury Town,Shrewsbury Town,CF,CF,England League Two 2025-26,22.0,0,30/06/2027,no,492,62.67,51.98,53.66,44.86,42.06,64.56,0.37,0.37,35.0,3.66,0.55,0.07,0.73,50.0,3.66,0.0,30.19,9.7,0.0,60.0,2.93,2.74,0.0,0.0,0.0,0.0
J. Norwood,Fleetwood Town,Fleetwood Town,CF,CF,England League Two 2025-26,35.0,0,30/06/2026,no,679,62.59,42.32,44.75,55.31,62.6,64.34,0.13,0.46,43.75,3.45,0.13,0.06,1.33,80.0,0.66,0.0,38.57,9.28,0.0,66.67,3.84,3.98,0.0,0.0,0.0,0.0
T. Shade,Burton Albion,Burton Albion,CF,CF,England League One 2025-26,25.0,200000,30/06/2027,no,2762,73.01,39.01,68.27,19.9,32.87,63.27,0.29,0.35,51.32,4.5,0.36,0.06,0.65,58.4,4.07,0.23,19.78,2.97,0.0,57.14,2.64,2.05,0.07,0.07,50.0,0.16
S. Nombe,Rotherham United,Rotherham United,CF,CF,England League One 2025-26,27.0,600000,30/06/2027,no,2074,71.04,29.55,55.67,55.01,29.86,63.02,0.3,0.39,57.69,3.43,0.39,0.05,0.22,43.48,2.99,0.35,34.13,10.94,0.04,46.05,3.04,3.3,0.0,0.0,0.0,0.0
A. Pepple,Plymouth Argyle,Plymouth Argyle,CF,CF,England League One 2025-26,23.0,0,,no,2063,76.44,30.97,54.52,44.58,25.76,62.97,0.52,0.48,41.38,3.45,0.26,0.08,0.39,55.36,2.44,0.26,24.37,8.59,0.13,50.0,2.44,2.44,0.0,0.0,0.0,0.0
D. Kanu,Walsall,Walsall,CF,CF,England League Two 2025-26,21.0,0,30/06/2027,yes,3067,74.96,8.28,65.66,43.66,54.88,62.87,0.44,0.41,46.99,3.84,0.09,0.02,0.15,66.32,2.79,0.35,35.85,3.11,0.03,71.43,3.14,2.46,0.03,0.0,0.0,0.0
P. Omochere,Bristol Rovers,Bristol Rovers,CF,"CF, RW, RWF",England League Two 2025-26,25.0,225000,30/06/2027,no,859,53.86,39.56,57.05,73.72,37.63,62.75,0.0,0.54,23.81,3.56,0.42,0.03,0.73,40.54,3.88,0.21,43.13,16.76,0.0,61.11,2.83,1.89,0.0,0.0,0.0,0.0
N. Kabamba,Bromley,Bromley,CF,CF,England League Two 2025-26,33.0,0,30/06/2027,no,2157,84.08,20.51,27.64,66.33,38.61,62.53,0.54,0.42,63.83,3.38,0.17,0.01,0.58,43.75,0.67,0.04,36.46,12.02,0.13,61.36,3.0,1.84,0.08,0.08,0.0,0.0
M. Burstow,Bolton Wanderers,Bolton Wanderers,CF,"CF, AMF",England League One 2025-26,22.0,0,30/06/2028,yes,2527,59.42,65.25,46.1,43.64,32.07,62.44,0.36,0.36,31.34,3.6,0.61,0.11,0.93,58.7,1.64,0.14,29.02,6.87,0.07,41.38,3.49,4.13,0.07,0.07,0.0,0.0
J. Obikwu,Queens Park Rangers,Lincoln City,CF,CF,England League One 2025-26,21.0,0,30/06/2026,no,603,57.89,45.85,52.33,47.26,54.6,61.77,0.45,0.21,45.45,3.28,0.45,0.06,0.75,47.06,2.54,0.3,27.08,7.16,0.15,55.56,4.63,4.03,0.0,0.0,0.0,0.0
M. Cheek,Bromley,Bromley,CF,CF,England League Two 2025-26,34.0,0,30/06/2026,no,3146,72.81,42.39,27.87,68.94,24.35,61.52,0.34,0.45,48.65,3.58,0.29,0.09,0.77,45.45,0.63,0.03,38.38,13.79,0.09,51.61,2.57,1.77,0.0,0.0,0.0,0.0
D. Osong,Fleetwood Town,Fleetwood Town,CF,CF,England League Two 2025-26,21.0,0,30/06/2026,yes,482,66.09,25.49,62.76,40.98,53.04,61.38,0.37,0.34,33.33,4.48,0.19,0.07,0.37,47.37,3.55,0.37,28.89,8.4,0.0,72.73,2.99,2.05,0.0,0.0,0.0,0.0
L. Ndlovu,Barnet,Barnet,CF,CF,England League Two 2025-26,31.0,0,,no,926,73.77,42.61,43.33,46.03,22.3,61.21,0.29,0.51,39.13,4.08,0.29,0.09,0.78,52.17,2.24,0.0,27.07,12.93,0.0,38.24,3.3,3.3,0.0,0.0,0.0,0.0
J. Kabia,Grimsby Town,Grimsby Town,CF,"CF, LW",England League Two 2025-26,25.0,0,30/06/2027,no,2952,72.72,36.32,42.4,31.97,56.55,60.32,0.34,0.42,48.33,3.84,0.34,0.05,0.64,45.61,1.74,0.21,20.43,7.16,0.06,57.89,4.48,4.05,0.0,0.0,0.0,0.0
A. Fletcher,Blackpool,Blackpool,CF,CF,England League One 2025-26,30.0,500000,30/06/2026,no,3393,57.22,47.7,47.69,53.51,42.33,59.81,0.37,0.32,45.0,2.68,0.4,0.1,0.69,65.79,1.01,0.24,37.21,7.98,0.03,57.28,3.53,2.73,0.0,0.0,0.0,0.0
Tanto Olaofe,Stockport County,Stockport County,CF,"CF, AMF",England League One 2025-26,26.0,450000,30/06/2028,yes,632,55.47,61.18,40.18,66.36,16.09,59.6,0.14,0.31,41.67,3.84,0.71,0.08,0.71,37.5,1.14,0.43,42.55,6.69,0.14,41.18,2.56,2.42,0.0,0.0,0.0,0.0
C. Paterson,Milton Keynes Dons,Milton Keynes Dons,CF,CF,England League Two 2025-26,31.0,800000,,no,2909,63.92,42.39,33.86,68.39,33.04,59.49,0.37,0.36,50.0,2.91,0.34,0.1,0.59,48.39,0.96,0.09,40.3,14.51,0.03,49.46,3.34,2.88,0.12,0.12,25.0,0.0
A. Loupalo-Bi,Walsall,Walsall,CF,"CF, RWF, RW",England League Two 2025-26,20.0,0,30/06/2028,yes,514,39.14,42.17,53.29,55.82,100.0,59.45,0.18,0.22,25.0,3.33,0.35,0.05,0.88,38.1,3.68,0.18,34.48,5.08,0.18,62.79,7.35,7.53,0.0,0.0,0.0,0.0
K. Ehibhatiomhan,Reading,Reading,CF,CF,England League One 2025-26,22.0,500000,30/06/2027,no,2240,61.4,37.35,33.5,69.09,49.7,59.15,0.36,0.29,48.72,3.29,0.44,0.04,0.52,41.03,1.57,0.04,37.68,11.41,0.16,56.52,3.94,3.7,0.0,0.0,0.0,0.04
D. Udoh,Salford City,Salford City,CF,CF,England League Two 2025-26,29.0,300000,30/06/2027,no,2844,55.37,57.02,43.72,44.18,48.28,59.12,0.22,0.31,43.14,3.35,0.51,0.09,0.92,59.52,1.33,0.13,25.47,11.8,0.03,63.64,3.23,2.78,0.0,0.0,0.0,0.0
C. Robinson,Cardiff City,Cardiff City,CF,"CF, AMF",England League One 2025-26,31.0,1800000,30/06/2027,no,1239,79.72,35.76,39.22,21.48,47.05,58.84,0.51,0.42,51.22,3.78,0.29,0.05,0.73,50.0,1.6,0.07,22.22,1.96,0.0,71.43,2.76,1.53,0.07,0.07,100.0,0.0
D. McGoldrick,Barnsley,Barnsley,CF,"CF, AMF, LAMF",England League One 2025-26,38.0,100000,30/06/2026,no,2502,71.11,35.52,46.51,31.25,46.57,58.5,0.54,0.42,36.78,3.45,0.32,0.05,0.65,49.3,2.55,0.07,24.28,6.22,0.0,55.0,3.81,3.6,0.04,0.04,0.0,0.07
I. Morgan,Shrewsbury Town,Shrewsbury Town,CF,"CF, LW, AMF",England League Two 2025-26,20.0,0,30/06/2027,yes,1321,35.08,51.82,77.16,44.93,56.49,58.18,0.2,0.18,35.56,2.32,0.34,0.13,0.82,46.58,4.97,0.48,38.3,3.2,0.0,60.0,4.36,3.75,0.61,0.2,66.67,0.82
S. Vokes,Gillingham,Gillingham,CF,CF,England League Two 2025-26,36.0,125000,30/06/2026,no,1120,59.98,57.48,14.07,100.0,1.39,58.14,0.16,0.3,45.45,4.18,0.4,0.1,1.13,25.0,0.32,0.0,55.14,19.53,0.08,38.46,2.01,1.04,0.0,0.0,0.0,0.0
R. Street,Lincoln City,Lincoln City,CF,"CF, RAMF, RW",England League One 2025-26,24.0,250000,30/06/2028,no,3058,52.36,44.65,42.14,51.46,69.03,57.91,0.18,0.35,37.5,3.18,0.47,0.06,0.65,53.85,1.53,0.12,33.42,11.1,0.0,65.1,4.83,4.39,0.0,0.0,0.0,0.03
M. Dennis,Notts County,Notts County,CF,"CF, AMF",England League Two 2025-26,23.0,125000,30/06/2028,no,2532,72.26,29.83,59.48,29.34,27.19,57.84,0.43,0.44,55.0,2.74,0.21,0.09,0.39,51.56,2.27,0.53,16.76,6.36,0.11,45.68,3.09,2.88,0.07,0.07,0.0,0.0
K. Dennis,Tranmere Rovers,Tranmere Rovers,CF,"CF, AMF",England League Two 2025-26,36.0,100000,30/06/2026,no,970,72.44,45.84,32.91,31.49,40.57,57.14,0.28,0.5,46.67,3.53,0.56,0.05,0.56,50.0,0.74,0.09,26.53,4.55,0.0,63.16,3.06,1.76,0.0,0.0,0.0,0.65
E. Harrison,Bristol Rovers,Bristol Rovers,CF,CF,England League Two 2025-26,32.0,225000,30/06/2026,no,1978,62.45,26.11,29.93,77.78,50.85,57.02,0.27,0.44,37.25,3.37,0.18,0.05,0.55,45.45,1.0,0.0,43.28,16.93,0.05,54.41,5.19,3.09,0.0,0.0,0.0,0.0
L. Ndlovu,Notts County,Notts County,CF,CF,England League Two 2025-26,31.0,0,30/06/2027,no,1767,61.86,52.31,38.67,43.0,34.41,56.88,0.25,0.38,38.24,3.82,0.41,0.11,0.81,44.74,1.94,0.05,26.55,11.51,0.0,47.54,3.72,3.11,0.0,0.0,0.0,0.0
C. Watts,Plymouth Argyle,Plymouth Argyle,CF,"CF, AMF, LW",England League One 2025-26,24.0,200000,30/06/2028,no,1481,65.0,35.34,54.05,23.39,53.49,56.42,0.36,0.35,48.57,3.28,0.3,0.09,0.43,44.23,3.16,0.24,18.87,3.22,0.06,45.65,4.8,5.59,0.06,0.0,0.0,0.12
C. Jennings,Tranmere Rovers,Tranmere Rovers,CF,"CF, AMF",England League Two 2025-26,34.0,100000,30/06/2026,no,1439,62.56,42.97,8.95,71.72,62.83,56.13,0.25,0.33,35.71,4.5,0.31,0.09,0.75,11.11,0.56,0.0,41.03,14.64,0.06,55.88,5.75,4.25,0.0,0.0,0.0,0.0
K. Wootton,Stockport County,Stockport County,CF,CF,England League One 2025-26,29.0,300000,30/06/2027,no,3827,62.95,16.82,26.85,96.62,39.81,55.98,0.42,0.3,54.41,2.75,0.12,0.03,0.4,50.0,0.33,0.0,54.15,11.34,0.24,57.43,3.43,2.38,0.0,0.0,0.0,0.0
D. Cole,Luton Town,Luton Town,CF,CF,England League One 2025-26,30.0,800000,30/06/2028,no,2378,57.43,38.19,43.87,52.22,48.64,55.92,0.23,0.36,45.71,2.99,0.34,0.08,0.53,40.74,2.04,0.26,37.29,6.7,0.04,56.0,3.78,3.78,0.0,0.0,0.0,0.0
L. Appéré,Cambridge United,Cambridge United,CF,CF,England League Two 2025-26,27.0,300000,30/06/2027,no,2492,60.5,41.33,30.3,50.24,58.3,55.31,0.25,0.36,45.95,3.29,0.36,0.07,0.69,45.83,0.87,0.04,30.68,9.53,0.07,66.28,4.08,3.11,0.0,0.0,0.0,0.0
J. Quigley,Bristol Rovers,Bristol Rovers,CF,CF,England League Two 2025-26,29.0,0,30/06/2028,no,2080,53.23,23.76,38.77,85.66,48.49,55.25,0.22,0.43,22.81,3.42,0.13,0.05,0.56,63.64,0.95,0.0,48.24,15.97,0.09,60.32,3.98,2.73,0.0,0.0,0.0,0.0
E. Wheatley,Bradford City,Bradford City,CF,CF,England League One 2025-26,20.0,0,30/06/2028,yes,2265,49.31,38.97,59.62,24.54,78.8,54.71,0.12,0.21,42.5,3.89,0.4,0.03,0.75,52.46,2.42,0.48,15.52,9.22,0.0,61.48,6.75,4.85,0.0,0.0,0.0,0.0
C. Evans,Fleetwood Town,Fleetwood Town,CF,CF,England League Two 2025-26,37.0,150000,30/06/2026,no,2460,51.57,53.36,40.96,36.1,59.32,54.21,0.18,0.27,35.42,3.88,0.4,0.11,0.88,54.0,1.83,0.0,22.66,7.43,0.07,61.86,4.68,3.55,0.07,0.07,50.0,0.0
A. May,Huddersfield Town,Huddersfield Town,CF,"CF, AMF, RAMF",England League One 2025-26,32.0,300000,30/06/2028,no,2214,56.07,74.23,32.28,12.81,53.62,54.12,0.16,0.38,40.35,3.33,0.61,0.14,1.14,35.9,1.59,0.08,14.71,2.76,0.0,59.76,4.35,3.33,0.08,0.08,0.0,0.41
N. Wells,Luton Town,Luton Town,CF,CF,England League One 2025-26,35.0,400000,,no,2054,59.72,51.66,40.64,25.75,47.39,53.68,0.13,0.39,43.9,3.64,0.35,0.13,0.79,45.16,1.36,0.26,23.46,3.55,0.0,57.53,3.86,3.2,0.0,0.0,0.0,0.0
F. Draper,Lincoln City,Lincoln City,CF,"CF, AMF",England League One 2025-26,21.0,275000,30/06/2028,no,2079,54.37,17.67,36.85,69.01,75.08,53.36,0.3,0.32,45.45,2.6,0.13,0.02,0.48,39.02,1.77,0.13,35.23,12.9,0.17,57.69,6.06,5.63,0.0,0.0,0.0,0.0
J. Evans Benjamin,Northampton Town,Northampton Town,CF,"CF, RAMF",England League One 2025-26,17.0,0,31/05/2026,yes,568,53.55,71.79,44.32,1.18,56.17,53.3,0.16,0.23,63.64,2.69,0.63,0.17,0.79,44.44,2.85,0.0,6.25,2.54,0.0,63.16,4.44,3.01,0.0,0.0,0.0,0.16
W. Grigg,Chesterfield,Chesterfield,CF,"CF, AMF",England League Two 2025-26,34.0,0,30/06/2027,no,1227,67.87,27.01,19.91,47.23,73.6,52.99,0.22,0.33,63.16,3.52,0.15,0.05,0.66,30.0,0.73,0.0,25.66,8.29,0.15,64.91,5.87,4.18,0.0,0.0,0.0,0.0
J. Stockley,Port Vale,Port Vale,CF,CF,England League One 2025-26,32.0,450000,30/06/2026,no,1037,57.07,33.06,12.42,99.58,35.68,52.97,0.26,0.36,42.11,3.04,0.43,0.04,0.35,20.0,0.43,0.0,52.03,21.35,0.09,53.85,3.56,2.26,0.0,0.0,0.0,0.0
A. Collins,Milton Keynes Dons,Milton Keynes Dons,CF,CF,England League Two 2025-26,28.0,1300000,30/06/2027,no,1785,48.81,50.02,54.9,29.87,49.07,52.76,0.25,0.3,29.41,3.33,0.45,0.12,0.55,56.25,3.23,0.05,23.89,5.7,0.0,58.46,3.88,3.28,0.05,0.05,0.0,0.0
G. Lindgren,Häcken,Peterborough United,CF,CF,England League One 2025-26,24.0,0,31/12/2029,no,664,66.64,26.18,58.23,23.81,35.5,52.53,0.41,0.19,66.67,3.39,0.27,0.04,0.41,100.0,0.54,0.14,19.51,5.56,0.0,54.17,2.44,3.25,0.0,0.0,0.0,0.0
F. Borini,Salford City,Salford City,CF,"CF, AMF",England League Two 2025-26,35.0,2000000,30/06/2026,no,731,57.19,46.87,38.09,43.45,37.93,52.51,0.37,0.44,36.84,2.22,0.37,0.04,1.11,42.86,1.72,0.12,37.04,3.32,0.0,52.17,3.69,2.83,0.0,0.0,0.0,1.11
W. Swan,Bradford City,Bradford City,CF,"CF, AMF",England League One 2025-26,25.0,250000,30/06/2027,no,1274,65.44,54.32,37.46,33.81,6.64,51.93,0.35,0.34,36.0,4.31,0.49,0.1,0.78,46.67,1.06,0.21,25.25,6.99,0.0,31.71,2.33,2.9,0.0,0.0,0.0,0.0
O. Palmer,Swindon Town,Swindon Town,CF,"CF, AMF",England League Two 2025-26,34.0,125000,30/06/2027,no,2513,48.52,35.17,37.42,78.02,37.69,51.88,0.21,0.31,40.0,2.69,0.32,0.06,0.57,38.18,1.97,0.11,49.85,12.21,0.04,55.41,3.19,2.65,0.0,0.0,0.0,0.0
J. Beesley,Burton Albion,Burton Albion,CF,CF,England League One 2025-26,29.0,300000,30/06/2027,no,4024,55.33,32.39,21.45,73.19,58.22,51.82,0.22,0.37,39.47,3.09,0.27,0.06,0.56,30.56,0.81,0.02,40.64,15.41,0.07,63.33,5.1,2.68,0.0,0.0,0.0,0.0
D. Keillor-Dunn,Wrexham,Barnsley,CF,"CF, LAMF",England League One 2025-26,28.0,750000,30/06/2029,no,2197,70.24,32.21,46.36,23.87,30.15,51.75,0.53,0.32,52.73,3.15,0.29,0.03,0.7,73.91,0.94,0.08,20.9,2.74,0.04,53.49,3.2,1.76,0.12,0.08,100.0,0.2
L. Bonis,Chesterfield,Chesterfield,CF,CF,England League Two 2025-26,26.0,300000,30/06/2026,no,2686,69.49,29.12,23.11,55.27,36.54,51.42,0.3,0.41,51.79,3.45,0.23,0.05,0.57,37.5,0.54,0.03,34.64,11.12,0.03,50.0,3.48,3.22,0.0,0.0,0.0,0.0
C. Kavanagh,Oldham Athletic,Oldham Athletic,CF,"CF, AMF",England League Two 2025-26,22.0,225000,30/06/2028,no,706,64.89,49.68,23.88,19.1,62.43,51.09,0.25,0.3,60.0,3.44,0.38,0.09,0.89,23.08,1.66,0.0,15.91,5.61,0.0,65.52,4.33,3.7,0.0,0.0,0.0,0.0
F. Okoronkwo,Doncaster Rovers,Doncaster Rovers,CF,"CF, LAMF, LW",England League One 2025-26,21.0,0,30/06/2026,yes,577,34.09,38.06,46.04,57.59,90.01,50.84,0.31,0.18,23.08,2.5,0.16,0.08,0.94,43.75,2.5,0.16,33.33,7.95,0.16,57.89,8.27,5.93,0.0,0.0,0.0,0.0
M. Forss,Bolton Wanderers,Bolton Wanderers,CF,"CF, AMF, RAMF",England League One 2025-26,26.0,2800000,30/06/2026,yes,886,55.41,49.8,48.68,9.34,58.19,50.69,0.2,0.22,42.11,4.27,0.41,0.06,1.02,60.0,2.03,0.1,12.5,2.44,0.0,62.5,4.67,3.25,0.0,0.0,0.0,0.0
V. Adeboyejo,Mansfield Town,Mansfield Town,CF,CF,England League One 2025-26,28.0,850000,30/06/2026,no,649,56.21,44.85,36.04,26.72,61.43,50.14,0.14,0.35,50.0,3.05,0.55,0.09,0.28,66.67,0.42,0.0,20.0,6.93,0.0,68.18,4.3,3.05,0.0,0.0,0.0,0.0
J. Garner,Oldham Athletic,Oldham Athletic,CF,CF,England League Two 2025-26,38.0,0,30/06/2026,no,1127,34.6,45.07,32.33,89.59,49.57,50.11,0.24,0.22,29.17,2.16,0.24,0.06,1.2,57.14,0.56,0.0,31.35,25.47,0.24,49.02,5.03,4.07,0.0,0.0,0.0,0.0
N. Opoku,Newport County,Newport County,CF,CF,England League Two 2025-26,24.0,0,30/06/2027,yes,1616,59.87,40.03,41.6,38.59,27.86,49.87,0.33,0.31,52.0,2.84,0.22,0.08,0.89,52.0,1.39,0.17,22.83,7.07,0.11,46.55,2.67,3.23,0.0,0.0,0.0,0.0
O. Oseni,Plymouth Argyle,Plymouth Argyle,CF,"CF, AMF",England League One 2025-26,22.0,0,30/06/2028,no,1181,64.24,25.27,50.59,32.29,33.14,49.79,0.38,0.32,63.16,2.36,0.3,0.04,0.3,61.54,1.98,0.15,24.18,6.93,0.0,48.65,3.58,2.82,0.0,0.0,0.0,0.0
S. Tovide,Colchester United,Colchester United,CF,"CF, RAMF",England League Two 2025-26,22.0,375000,30/06/2027,no,2230,45.76,59.19,51.11,31.34,29.07,49.56,0.12,0.25,38.46,3.35,0.52,0.1,0.93,49.28,2.78,0.16,24.2,6.34,0.0,48.53,2.99,2.74,0.0,0.0,0.0,0.0
O. Hawkins,Barnet,Barnet,CF,CF,England League Two 2025-26,34.0,75000,,no,1141,50.14,32.54,25.48,90.65,28.98,49.5,0.24,0.27,36.84,3.31,0.32,0.02,0.71,50.0,0.16,0.0,48.56,19.17,0.08,50.0,3.23,2.21,0.0,0.0,0.0,0.0
W. Evans,Mansfield Town,Mansfield Town,CF,"CF, LAMF",England League One 2025-26,28.0,0,30/06/2026,no,2995,58.65,35.02,33.95,29.41,68.66,49.41,0.24,0.41,40.0,3.07,0.36,0.04,0.6,42.11,1.14,0.15,23.23,5.95,0.0,58.06,5.89,4.66,0.0,0.0,0.0,0.0
J. Marriott,Reading,Reading,CF,CF,England League One 2025-26,31.0,500000,30/06/2028,no,1905,78.05,31.39,30.75,18.67,29.76,49.28,0.76,0.3,57.14,2.98,0.24,0.07,0.52,45.0,0.94,0.05,14.0,4.72,0.05,55.26,2.74,1.8,0.0,0.0,0.0,0.0
O. Devonport,Fleetwood Town U21,Fleetwood Town,CF,CF,England League Two 2025-26,21.0,0,30/06/2026,no,461,44.42,36.56,35.54,77.34,39.56,49.28,0.0,0.29,22.22,4.49,0.2,0.08,0.78,44.44,1.76,0.0,40.0,21.48,0.0,60.0,3.32,1.95,0.0,0.0,0.0,0.0
M. Dinanga,Bromley,Bromley,CF,CF,England League Two 2025-26,28.0,0,30/06/2026,no,669,71.51,38.87,39.24,24.17,12.28,49.24,0.13,0.39,61.54,4.04,0.4,0.02,0.81,62.5,1.08,0.0,13.51,4.98,0.13,46.15,1.61,1.75,0.0,0.0,0.0,0.0
M. Sherif,Port Vale,Port Vale,CF,CF,England League One 2025-26,19.0,0,30/06/2026,yes,930,61.45,15.18,28.12,58.68,64.71,49.12,0.29,0.47,38.46,2.81,0.19,0.04,0.1,33.33,1.16,0.1,37.6,12.1,0.0,54.55,5.23,5.32,0.0,0.0,0.0,0.0
J. Gordon,Barrow,Barrow,CF,"CF, AMF",England League Two 2025-26,31.0,125000,30/06/2026,yes,2426,52.17,13.58,43.48,44.31,90.76,49.04,0.22,0.34,41.51,2.78,0.07,0.03,0.37,60.87,1.71,0.0,27.23,8.72,0.07,64.63,6.9,6.08,0.0,0.0,0.0,0.0
J. Woods,Accrington Stanley,Accrington Stanley,CF,CF,England League Two 2025-26,25.0,0,30/06/2027,no,1804,35.65,21.25,52.25,64.84,83.4,48.77,0.1,0.26,27.5,2.74,0.2,0.04,0.35,67.5,2.0,0.1,35.47,13.22,0.1,62.16,6.69,5.54,0.05,0.05,0.0,0.0
H. Leonard,Peterborough United,Peterborough United,CF,CF,England League One 2025-26,22.0,1000000,30/06/2029,no,2615,72.35,30.56,29.4,48.37,5.8,48.6,0.41,0.5,47.3,2.86,0.31,0.05,0.45,46.15,0.89,0.0,31.84,6.16,0.1,38.78,2.03,1.69,0.03,0.03,0.0,0.0
M. Asamoah,Shamrock Rovers,Wigan Athletic,CF,CF,England League One 2025-26,23.0,0,30/06/2027,yes,569,40.04,36.8,73.8,31.28,41.6,48.31,0.16,0.26,40.0,2.21,0.32,0.11,0.32,54.55,3.48,0.63,26.92,4.11,0.0,52.17,3.48,3.64,0.0,0.0,0.0,0.0
N. Lowe,Wycombe Wanderers,Wycombe Wanderers,CF,"CF, AMF",England League One 2025-26,20.0,0,30/06/2028,yes,1580,69.09,14.27,31.71,60.1,24.39,48.02,0.4,0.37,52.78,3.19,0.17,0.03,0.17,43.75,0.91,0.11,32.06,7.46,0.23,47.62,2.73,2.39,0.0,0.0,0.0,0.0
J. Soonsup-Bell,Grimsby Town,Grimsby Town,CF,"CF, LW",England League Two 2025-26,22.0,250000,30/06/2026,no,775,42.17,33.54,40.57,53.69,69.52,47.58,0.12,0.24,23.53,3.95,0.12,0.1,0.7,50.0,1.16,0.23,33.33,7.32,0.12,70.0,4.88,3.48,0.35,0.12,0.0,0.46
J. Wareham,Exeter City,Exeter City,CF,CF,England League One 2025-26,22.0,100000,30/06/2027,no,3452,66.36,14.56,30.75,58.4,34.23,47.37,0.42,0.38,44.05,3.23,0.13,0.02,0.34,56.25,0.42,0.0,33.18,11.16,0.1,45.07,3.57,3.7,0.0,0.0,0.0,0.0
Kion Etete,St. Mirren,Rotherham United,CF,CF,England League One 2025-26,24.0,1200000,31/05/2027,yes,484,46.38,26.42,45.13,53.37,58.11,47.17,0.0,0.28,50.0,2.98,0.37,0.04,0.19,50.0,2.6,0.0,35.71,10.41,0.0,61.11,4.83,3.35,0.0,0.0,0.0,0.0
J. Andrews,Gillingham,Gillingham,CF,CF,England League Two 2025-26,24.0,225000,,no,2107,47.56,26.1,24.06,98.02,28.78,46.99,0.13,0.3,35.42,3.33,0.13,0.04,0.73,38.46,0.56,0.04,45.29,25.84,0.09,39.24,4.14,3.37,0.0,0.0,0.0,0.0
C. Woodrow,Wycombe Wanderers,Wycombe Wanderers,CF,"CF, AMF",England League One 2025-26,31.0,1000000,30/06/2026,yes,2779,54.83,40.32,27.16,54.61,30.25,46.35,0.23,0.36,45.0,2.69,0.36,0.08,0.58,41.67,0.78,0.03,32.39,6.9,0.16,49.37,3.21,2.56,0.19,0.03,0.0,0.45
J. Vale,Northampton Town,Northampton Town,CF,CF,England League One 2025-26,25.0,500000,30/06/2026,no,791,16.3,90.64,45.81,27.41,67.52,46.27,0.0,0.1,12.5,2.96,0.91,0.13,1.25,72.73,1.25,0.0,15.0,11.38,0.0,57.5,5.92,4.55,0.0,0.0,0.0,0.0
Tom Bloxham,Blackpool,Blackpool,CF,"CF, RW",England League One 2025-26,22.0,325000,30/06/2028,no,2475,41.82,39.93,61.59,30.61,42.61,46.15,0.22,0.21,42.11,2.44,0.4,0.08,0.47,69.84,2.29,0.29,27.0,3.64,0.0,57.32,3.31,2.98,0.0,0.0,0.0,0.0
T. Eaves,Northampton Town,Northampton Town,CF,CF,England League One 2025-26,34.0,300000,30/06/2026,no,1846,56.21,14.78,29.98,67.33,48.79,45.81,0.34,0.31,44.12,2.83,0.1,0.04,0.29,44.44,0.88,0.05,36.14,9.85,0.2,62.26,3.8,2.58,0.0,0.0,0.0,0.0
H. McKirdy,Crawley Town,Crawley Town,CF,"CF, AMF",England League Two 2025-26,29.0,20000,30/06/2026,no,2281,59.13,36.64,49.22,12.21,38.77,45.76,0.24,0.4,42.65,3.04,0.28,0.1,0.47,52.94,2.01,0.24,13.33,1.78,0.04,54.65,2.76,3.39,0.04,0.04,100.0,0.24
B. Waine,Port Vale,Port Vale,CF,"CF, LW",England League One 2025-26,24.0,800000,30/06/2027,no,1004,40.2,30.56,49.47,41.17,72.64,45.65,0.27,0.2,40.91,2.15,0.36,0.06,0.27,42.86,1.88,0.45,27.27,5.92,0.09,60.34,5.56,5.2,0.0,0.0,0.0,0.0
A. Pressley,Walsall,Walsall,CF,CF,England League Two 2025-26,24.0,175000,30/06/2028,no,2461,45.15,19.37,33.86,80.53,47.65,45.24,0.26,0.23,40.0,2.67,0.15,0.02,0.51,41.38,1.06,0.18,43.52,15.8,0.11,68.63,3.07,1.87,0.0,0.0,0.0,0.0
M. Browne,AFC Wimbledon,AFC Wimbledon,CF,"CF, AMF",England League One 2025-26,28.0,175000,30/06/2027,no,2743,49.26,31.14,46.11,41.3,42.49,44.96,0.39,0.32,32.88,2.33,0.33,0.05,0.43,52.24,2.2,0.1,31.79,4.95,0.03,47.57,4.82,3.38,0.23,0.23,28.57,0.0
J. Reid,Stevenage,Stevenage,CF,CF,England League One 2025-26,31.0,300000,,no,3177,60.75,22.33,40.87,35.09,37.48,44.56,0.25,0.37,50.0,2.97,0.23,0.06,0.2,43.48,1.95,0.14,25.96,5.89,0.03,62.5,2.61,1.81,0.0,0.0,0.0,0.0
M. Stevens,AFC Wimbledon,AFC Wimbledon,CF,CF,England League One 2025-26,28.0,175000,30/06/2027,no,1653,54.75,24.83,38.98,45.47,40.4,44.33,0.27,0.48,37.93,1.96,0.27,0.06,0.22,62.5,0.44,0.16,22.92,13.77,0.05,52.83,3.92,2.89,0.0,0.0,0.0,0.0
K. Kouassi,Cambridge United,Cambridge United,CF,CF,England League Two 2025-26,22.0,200000,30/06/2026,yes,920,39.53,34.33,38.22,61.78,50.57,44.12,0.2,0.13,44.44,2.74,0.2,0.08,0.68,42.11,1.86,0.1,31.28,19.08,0.0,55.88,4.6,3.33,0.0,0.0,0.0,0.0
J. Magennis,Exeter City,Exeter City,CF,CF,England League One 2025-26,35.0,150000,30/06/2026,no,1707,46.65,28.62,29.27,83.83,20.76,43.91,0.26,0.21,50.0,2.37,0.16,0.07,0.58,50.0,0.63,0.0,48.84,11.34,0.16,50.0,2.69,1.37,0.05,0.05,0.0,0.0
S. Hogan,Milton Keynes Dons,Milton Keynes Dons,CF,"CF, AMF",England League Two 2025-26,34.0,600000,30/06/2026,no,634,56.41,20.92,45.89,45.28,25.68,43.76,0.14,0.23,60.0,3.41,0.14,0.07,0.28,55.56,1.28,0.28,29.33,10.65,0.0,53.85,2.27,1.85,0.0,0.0,0.0,0.0
N. Ennis,Blackpool,Blackpool,CF,CF,England League One 2025-26,26.0,700000,30/06/2027,no,1249,60.08,29.81,41.37,21.5,39.55,43.72,0.43,0.33,40.0,3.03,0.36,0.03,0.43,57.89,1.37,0.07,15.38,7.49,0.0,51.16,3.89,3.1,0.0,0.0,0.0,0.0
R. Loft,Crawley Town,Crawley Town,CF,CF,England League Two 2025-26,28.0,175000,30/06/2027,yes,1103,55.38,16.56,34.32,68.62,24.61,43.48,0.24,0.47,30.43,2.77,0.16,0.0,0.49,50.0,0.65,0.16,39.02,10.04,0.16,48.15,2.86,2.2,0.0,0.0,0.0,0.0
J. Williams,Colchester United,Colchester United,CF,"CF, AMF, LAMF",England League Two 2025-26,21.0,0,30/06/2027,no,842,22.14,76.59,65.85,19.05,31.44,43.35,0.0,0.18,25.0,2.24,0.64,0.09,1.5,47.83,2.46,0.75,16.33,5.24,0.0,40.0,4.06,3.74,0.0,0.0,0.0,0.11
D. Costelloe,Wigan Athletic,Wigan Athletic,CF,"CF, AMF",England League One 2025-26,23.0,325000,30/06/2028,no,2000,52.77,29.05,31.33,33.74,65.72,43.24,0.14,0.4,40.0,2.84,0.27,0.06,0.41,32.5,1.8,0.05,21.86,9.68,0.0,55.46,5.18,5.36,0.0,0.0,0.0,0.0
T. Samuel-Ogunsuyi,Shrewsbury Town,Shrewsbury Town,CF,"CF, LW",England League Two 2025-26,19.0,0,30/06/2026,yes,712,42.43,14.61,31.63,67.74,78.65,43.15,0.25,0.3,40.0,1.77,0.25,0.01,0.13,42.86,0.88,0.13,38.64,11.12,0.13,63.64,5.56,5.56,0.0,0.0,0.0,0.0
J. Davison,Cheltenham Town,Cheltenham Town,CF,CF,England League Two 2025-26,26.0,225000,30/06/2026,yes,1841,35.24,51.1,41.6,46.44,40.37,42.69,0.15,0.22,29.63,2.64,0.44,0.08,0.88,66.67,0.73,0.1,27.04,13.2,0.0,50.0,3.62,3.72,0.0,0.0,0.0,0.0
J. Taylor,Wigan Athletic,Wigan Athletic,CF,CF,England League One 2025-26,23.0,350000,30/06/2029,yes,2155,73.74,8.83,47.0,27.34,5.89,42.31,0.5,0.38,64.71,2.46,0.04,0.02,0.29,54.29,1.46,0.29,19.42,4.3,0.08,35.19,2.17,2.26,0.04,0.04,0.0,0.0
R. Paton,St. Johnstone,Port Vale,CF,"CF, AMF",England League One 2025-26,25.0,250000,30/06/2027,yes,756,34.85,53.27,42.53,30.85,50.82,41.23,0.12,0.27,30.43,2.26,0.36,0.15,0.71,60.0,1.19,0.12,28.0,2.98,0.0,62.5,3.81,2.86,1.9,0.36,0.0,4.52
A. Lloyd,Lincoln City,Lincoln City,CF,CF,England League One 2025-26,22.0,0,31/05/2026,no,509,49.46,14.48,43.95,47.81,45.22,40.55,0.18,0.34,25.0,3.71,0.18,0.0,0.35,41.18,3.01,0.0,28.0,13.26,0.0,42.86,4.6,4.95,0.0,0.0,0.0,0.0
P. Mullin,Bradford City,Bradford City,CF,CF,England League One 2025-26,31.0,900000,30/06/2027,yes,1080,53.24,24.62,41.2,27.31,47.96,40.55,0.33,0.33,50.0,1.92,0.25,0.01,0.58,61.54,1.08,0.08,16.67,6.5,0.08,57.5,3.83,3.33,0.0,0.0,0.0,0.0
B. Hanlan,Doncaster Rovers,Doncaster Rovers,CF,CF,England League One 2025-26,28.0,300000,30/06/2027,no,1906,49.7,31.14,38.65,34.62,38.94,40.1,0.24,0.18,55.0,2.79,0.28,0.04,0.61,52.94,1.61,0.0,20.59,11.24,0.0,51.28,3.16,3.68,0.0,0.0,0.0,0.0
P. Madden,Accrington Stanley,Accrington Stanley,CF,"CF, AMF",England League Two 2025-26,36.0,0,30/06/2026,yes,2267,43.0,20.03,49.34,48.08,42.19,39.95,0.24,0.22,47.5,2.06,0.12,0.04,0.48,78.57,0.56,0.2,30.0,8.34,0.08,60.0,3.73,1.99,0.04,0.04,0.0,0.0
D. Charles,Huddersfield Town,Huddersfield Town,CF,"CF, AMF, RW",England League One 2025-26,30.0,750000,30/06/2027,no,1333,45.15,46.52,47.0,0.0,57.79,39.82,0.14,0.28,34.78,3.17,0.47,0.09,0.54,50.0,2.3,0.14,5.41,2.5,0.0,60.0,3.92,4.39,0.0,0.0,0.0,0.0
J. Matt,Walsall,Walsall,CF,CF,England League Two 2025-26,36.0,75000,30/06/2026,no,1074,41.85,26.48,22.5,69.69,52.79,39.62,0.17,0.26,30.77,3.02,0.17,0.05,0.59,40.0,0.42,0.0,36.84,15.92,0.08,60.98,3.85,3.44,0.0,0.0,0.0,0.0
G. Miller,Cheltenham Town,Cheltenham Town,CF,CF,England League Two 2025-26,27.0,150000,,no,1525,49.82,24.33,44.07,43.6,24.77,39.55,0.24,0.21,50.0,2.89,0.18,0.05,0.47,58.82,1.0,0.24,26.42,9.38,0.06,53.33,2.3,1.77,0.0,0.0,0.0,0.0
B. Sharp,Doncaster Rovers,Doncaster Rovers,CF,CF,England League One 2025-26,40.0,200000,30/06/2026,no,1866,43.81,26.17,45.07,36.55,47.9,39.05,0.14,0.27,35.29,3.04,0.19,0.05,0.53,61.29,1.5,0.1,30.0,4.82,0.0,68.89,2.75,2.17,0.0,0.0,0.0,0.05
J. Muldoon,Harrogate Town,Harrogate Town,CF,"CF, AMF",England League Two 2025-26,36.0,75000,30/06/2026,no,1883,46.64,27.65,34.07,40.53,51.08,39.05,0.24,0.16,68.75,1.63,0.29,0.04,0.43,41.38,1.39,0.1,23.93,7.79,0.1,62.12,3.63,3.15,0.0,0.0,0.0,0.0
D. Rose,Barrow,Barrow,CF,"CF, AMF",England League Two 2025-26,32.0,175000,30/06/2027,no,1778,39.98,24.5,25.9,73.14,45.17,38.52,0.2,0.25,32.0,2.63,0.25,0.02,0.51,37.5,0.81,0.05,36.62,19.49,0.05,53.23,4.4,3.14,0.0,0.0,0.0,0.05
Matt Phillips,Stevenage,Stevenage,CF,CF,England League One 2025-26,35.0,400000,30/06/2026,no,964,45.91,53.68,39.78,31.31,0.0,38.33,0.09,0.41,33.33,2.52,0.75,0.08,0.28,52.63,1.77,0.0,17.46,11.76,0.0,31.82,2.05,2.05,0.09,0.09,100.0,0.0
S. Palmer-Houlden,Gillingham,Gillingham,CF,"CF, RAMF, LAMF",England League Two 2025-26,21.0,0,30/06/2027,no,1756,46.92,0.0,46.49,46.78,64.65,37.87,0.21,0.27,43.75,2.56,0.0,0.01,0.05,56.52,1.18,0.31,27.19,11.12,0.05,61.97,5.48,3.64,0.0,0.0,0.0,0.0
D. Brown,Port Vale,Port Vale,CF,CF,England League One 2025-26,20.0,0,30/06/2027,yes,635,41.82,41.5,44.87,26.7,30.39,37.42,0.0,0.29,33.33,3.4,0.28,0.14,0.43,61.54,1.84,0.0,19.61,7.23,0.0,50.0,2.83,2.83,0.0,0.0,0.0,0.0
H. Gray,Rotherham United,Rotherham United,CF,"CF, LAMF, AMF",England League One 2025-26,17.0,0,,yes,1355,44.61,34.07,48.27,12.18,50.36,37.4,0.13,0.21,42.86,3.19,0.4,0.05,0.4,48.57,2.32,0.2,9.62,3.45,0.07,57.38,3.52,4.05,0.07,0.0,0.0,0.13
W. Goodwin,Colchester United,Colchester United,CF,CF,England League Two 2025-26,23.0,0,,yes,1039,49.97,13.07,33.93,47.27,49.29,37.34,0.17,0.3,31.58,3.72,0.09,0.01,0.43,44.44,1.56,0.0,31.36,10.22,0.0,56.76,4.33,3.21,0.0,0.0,0.0,0.0
E. Nevitt,Cambridge United,Cambridge United,CF,"CF, AMF",England League Two 2025-26,29.0,225000,31/05/2026,yes,1767,35.36,20.36,40.38,47.53,66.29,36.21,0.1,0.21,20.0,3.62,0.2,0.04,0.31,50.0,1.63,0.1,31.82,7.84,0.05,60.44,5.04,4.63,0.0,0.0,0.0,0.0
Ronan Hale,Gillingham,Gillingham,CF,"CF, LAMF",England League Two 2025-26,27.0,300000,30/06/2028,no,1440,46.76,25.11,55.1,4.43,52.04,36.2,0.19,0.3,32.56,3.13,0.13,0.03,0.75,55.36,3.5,0.0,6.06,2.06,0.06,64.0,3.44,3.13,0.06,0.06,100.0,0.06
B. Lubala,Stevenage,Stevenage,CF,"CF, RAMF, LAMF",England League One 2025-26,28.0,225000,,no,1079,36.58,6.78,47.71,48.0,66.6,34.9,0.0,0.11,56.25,2.67,0.08,0.01,0.17,56.67,2.5,0.0,34.34,8.26,0.0,53.85,5.59,5.42,0.0,0.0,0.0,0.0
E. List,Northampton Town,Northampton Town,CF,"CF, RWF, RW",England League One 2025-26,28.0,125000,30/06/2027,no,1276,28.44,16.73,65.7,22.7,73.4,34.23,0.07,0.19,26.92,2.54,0.14,0.03,0.35,57.5,2.82,0.49,19.18,5.15,0.0,65.15,5.29,4.66,0.0,0.0,0.0,0.0
L. Flower,Woking,Crawley Town,CF,"CF, LWB",England League Two 2025-26,21.0,0,30/06/2026,yes,522,61.55,9.01,45.09,27.97,3.74,33.78,0.34,0.27,58.33,2.93,0.0,0.0,0.52,58.33,2.07,0.0,21.62,6.38,0.0,27.78,2.41,3.1,0.0,0.0,0.0,0.0
J. Collins,Lincoln City,Lincoln City,CF,CF,England League One 2025-26,35.0,175000,30/06/2027,no,1113,50.62,33.39,14.62,37.1,40.45,33.76,0.16,0.38,45.45,2.26,0.16,0.08,0.73,20.0,0.4,0.08,29.17,5.82,0.0,48.78,4.29,3.32,0.0,0.0,0.0,0.0
Fábio Tavares,Burton Albion,Burton Albion,CF,"CF, AMF",England League One 2025-26,25.0,250000,30/06/2026,no,981,52.69,28.11,39.75,14.31,25.48,33.36,0.28,0.23,53.85,2.66,0.18,0.05,0.64,53.33,1.38,0.09,9.76,3.76,0.09,46.15,3.21,2.39,0.18,0.0,0.0,0.55
F. Cavegn,Bristol Rovers,Bristol Rovers,CF,CF,England League Two 2025-26,23.0,0,30/06/2028,no,2972,50.32,21.88,37.01,13.04,52.92,33.24,0.27,0.23,51.16,2.57,0.18,0.05,0.36,39.06,1.94,0.09,15.38,2.36,0.0,66.07,2.91,3.39,0.0,0.0,0.0,0.0
J. Arron Yates,Sheffield Wednesday,Luton Town,CF,CF,England League One 2025-26,29.0,3500000,30/06/2026,yes,1241,41.83,20.09,39.71,34.73,44.82,32.62,0.07,0.23,46.67,2.68,0.22,0.0,0.51,63.64,0.8,0.07,29.03,4.5,0.0,60.98,2.97,2.97,0.0,0.0,0.0,0.07
W. Davies,Fleetwood Town,Fleetwood Town,CF,CF,England League Two 2025-26,26.0,0,30/06/2027,no,2387,48.03,16.53,35.18,44.17,23.3,32.28,0.23,0.29,41.46,2.6,0.11,0.03,0.41,50.0,1.06,0.08,31.74,6.3,0.04,47.14,2.38,2.64,0.0,0.0,0.0,0.0
K. Tshimanga,Barnet,Barnet,CF,CF,England League Two 2025-26,28.0,150000,30/06/2027,no,2865,57.46,23.51,36.68,11.03,22.2,32.14,0.31,0.33,50.0,2.58,0.22,0.03,0.47,63.64,0.69,0.0,11.27,4.46,0.0,49.35,1.98,2.42,0.0,0.0,0.0,0.03
B. Assombalonga,Barnet,Barnet,CF,"CF, AMF",England League Two 2025-26,33.0,0,30/06/2026,no,604,49.91,13.67,40.29,39.12,18.98,32.13,0.15,0.29,38.46,3.43,0.0,0.02,0.6,33.33,1.34,0.45,31.43,5.22,0.0,50.0,1.64,2.09,0.0,0.0,0.0,0.0
D. Orsi,Crawley Town,AFC Wimbledon,CF,CF,England League One 2025-26,29.0,225000,30/06/2028,no,755,50.26,9.56,38.19,24.13,50.92,31.82,0.24,0.32,50.0,2.03,0.0,0.01,0.48,62.5,0.95,0.0,20.0,5.36,0.0,60.0,3.58,3.58,0.0,0.0,0.0,0.0
C. Saydee,Wigan Athletic,Wigan Athletic,CF,"CF, AMF",England League One 2025-26,23.0,300000,30/06/2028,no,2426,24.87,51.19,38.59,32.51,43.04,31.8,0.07,0.14,26.32,2.52,0.41,0.13,0.63,42.86,1.82,0.11,20.44,8.35,0.04,54.76,3.75,3.12,0.0,0.0,0.0,0.0
T. Cursons,Boston United,Harrogate Town,CF,"CF, AMF",England League Two 2025-26,24.0,0,30/06/2027,no,540,35.55,23.95,28.55,44.82,58.66,31.24,0.33,0.17,33.33,2.0,0.17,0.02,0.67,37.5,1.33,0.0,24.42,14.33,0.0,65.0,4.17,3.33,0.0,0.0,0.0,0.0
S. Cox,Exeter City,Exeter City,CF,"CF, AMF",England League One 2025-26,21.0,0,30/06/2026,no,912,42.53,34.59,28.29,25.14,40.02,30.71,0.1,0.24,37.5,3.16,0.3,0.06,0.59,33.33,1.18,0.1,22.5,3.95,0.0,37.74,4.44,5.23,0.0,0.0,0.0,0.0
J. Crole,Newport County,Newport County,CF,CF,England League Two 2025-26,22.0,0,30/06/2028,no,908,34.86,36.76,28.37,48.26,22.45,29.76,0.1,0.11,54.55,2.08,0.3,0.12,0.3,33.33,1.19,0.1,27.08,14.27,0.0,36.11,3.47,3.57,0.0,0.0,0.0,0.0
J. Ironside,Tranmere Rovers,Tranmere Rovers,CF,CF,England League Two 2025-26,32.0,275000,30/06/2028,no,2579,34.31,15.36,20.12,80.31,34.23,29.52,0.1,0.17,50.0,1.81,0.07,0.03,0.45,27.78,0.63,0.07,45.44,17.59,0.03,53.33,3.59,2.09,0.0,0.0,0.0,0.0
B. Fink,Wycombe Wanderers,Wycombe Wanderers,CF,CF,England League One 2025-26,22.0,700000,30/06/2026,no,463,41.7,41.79,24.26,28.83,23.5,29.35,0.0,0.32,25.0,3.69,0.19,0.12,0.78,28.57,1.36,0.0,18.37,9.52,0.0,42.11,2.33,3.69,0.0,0.0,0.0,0.0
J. Bickerstaff,Cheltenham Town,Cheltenham Town,CF,"CF, LW",England League Two 2025-26,24.0,125000,30/06/2026,yes,2927,34.18,21.49,45.83,23.24,54.87,29.2,0.12,0.16,34.29,2.83,0.12,0.03,0.61,46.84,2.43,0.12,21.09,3.94,0.0,63.03,3.57,3.66,0.0,0.0,0.0,0.0
E. Acquah,Harrogate Town,Harrogate Town,CF,CF,England League Two 2025-26,25.0,325000,31/05/2028,yes,1286,21.02,26.19,41.18,54.56,53.24,29.09,0.0,0.13,35.29,1.82,0.21,0.06,0.42,46.15,1.82,0.14,33.89,12.6,0.0,69.7,3.36,2.31,0.0,0.0,0.0,0.0
C. Baker-Richardson,Newport County,Newport County,CF,CF,England League Two 2025-26,30.0,250000,30/06/2026,no,1667,37.89,5.32,40.2,64.85,21.52,28.92,0.22,0.25,31.03,2.32,0.0,0.03,0.16,75.0,0.22,0.05,38.77,14.9,0.0,41.86,3.46,2.32,0.0,0.0,0.0,0.0
T. Bradshaw,Barnsley,Barnsley,CF,CF,England League One 2025-26,33.0,600000,31/05/2026,yes,646,43.76,9.19,23.39,59.31,32.52,28.45,0.14,0.38,23.08,2.93,0.14,0.01,0.14,33.33,0.42,0.14,37.36,12.68,0.0,61.54,1.95,1.81,0.0,0.0,0.0,0.0
S. McCoulsky,Harrogate Town,Harrogate Town,CF,CF,England League Two 2025-26,29.0,0,30/06/2027,no,1372,25.35,16.56,46.67,65.13,25.27,28.15,0.07,0.18,28.57,2.1,0.26,0.02,0.13,66.67,0.98,0.2,35.98,17.32,0.0,41.67,3.28,3.15,0.0,0.0,0.0,0.0
G. Yahyai,Stevenage,Stevenage,CF,CF,England League One 2025-26,25.0,325000,30/06/2028,yes,544,47.28,14.27,16.81,61.15,17.44,27.91,0.17,0.28,57.14,1.82,0.17,0.03,0.17,25.0,0.66,0.0,32.11,18.03,0.0,41.67,3.14,1.99,0.0,0.0,0.0,0.0
C. Caton,Hartlepool United,Accrington Stanley,CF,"CF, AMF",England League Two 2025-26,23.0,0,30/06/2027,yes,1068,35.5,9.99,46.34,55.17,15.51,27.61,0.25,0.27,22.22,2.28,0.08,0.02,0.25,62.5,0.67,0.34,27.56,10.7,0.17,40.63,2.28,2.7,0.25,0.08,0.0,0.0
A. Thibaut,Crewe Alexandra,Crewe Alexandra,CF,CF,England League Two 2025-26,21.0,0,,no,728,32.82,43.35,31.89,14.2,47.89,27.49,0.12,0.23,30.0,2.35,0.37,0.13,0.37,36.36,1.36,0.12,9.68,7.66,0.0,56.67,3.59,3.71,0.0,0.0,0.0,0.0
M. Reindorf,Tamworth,Newport County,CF,"CF, LAMF, LW",England League Two 2025-26,20.0,0,31/05/2026,yes,999,24.37,13.82,53.25,31.72,62.62,26.61,0.0,0.14,43.75,1.62,0.09,0.04,0.27,46.15,3.51,0.09,25.86,5.23,0.0,61.54,4.14,4.68,0.0,0.0,0.0,0.0
T. Walker,Barrow,Barrow,CF,CF,England League Two 2025-26,29.0,200000,30/06/2026,no,947,36.01,8.21,39.95,43.16,41.39,26.41,0.19,0.18,44.44,1.9,0.0,0.03,0.29,75.0,0.38,0.0,28.57,9.98,0.0,59.26,3.14,2.57,0.0,0.0,0.0,0.0
D. Taylor,Blackpool,Blackpool,CF,CF,England League One 2025-26,22.0,750000,30/06/2029,no,799,29.41,25.61,47.85,21.51,35.86,24.5,0.11,0.19,28.57,2.37,0.11,0.07,0.56,52.38,2.37,0.11,15.87,7.1,0.0,57.14,2.82,2.37,0.0,0.0,0.0,0.0
G. Lloyd,Shrewsbury Town,Shrewsbury Town,CF,CF,England League Two 2025-26,26.0,0,,no,2516,26.5,12.42,31.16,48.04,63.73,24.1,0.14,0.13,38.46,1.68,0.11,0.02,0.29,44.83,1.04,0.04,29.67,12.05,0.0,60.17,5.08,4.22,0.0,0.0,0.0,0.0
D. Orsi,Crawley Town,Crawley Town,CF,CF,England League Two 2025-26,29.0,225000,30/06/2028,no,1442,31.36,36.29,31.02,16.73,44.2,23.73,0.0,0.22,41.18,2.06,0.37,0.07,0.44,50.0,0.62,0.06,14.81,5.06,0.0,64.71,3.0,2.12,0.0,0.0,0.0,0.0
A. Gray,Port Vale,Port Vale,CF,CF,England League One 2025-26,34.0,1300000,30/06/2026,no,471,20.26,58.15,30.31,34.53,6.98,22.46,0.0,0.1,33.33,2.1,0.57,0.16,0.38,50.0,0.76,0.0,27.59,5.54,0.0,36.36,2.29,2.1,0.0,0.0,0.0,0.0
D. Udoh,Salford City,Wycombe Wanderers,CF,CF,England League One 2025-26,29.0,300000,30/06/2027,no,557,27.92,39.07,19.59,36.55,34.81,22.11,0.16,0.13,16.67,3.23,0.32,0.05,0.81,33.33,0.48,0.0,24.56,9.21,0.0,56.25,2.59,2.59,0.0,0.0,0.0,0.0
L. Angol,,Cheltenham Town,CF,CF,England League Two 2025-26,31.0,100000,,no,568,14.51,17.78,42.0,54.49,47.65,21.21,0.0,0.06,25.0,2.22,0.16,0.01,0.48,60.0,1.58,0.0,35.71,11.09,0.0,45.16,4.6,4.91,0.16,0.16,0.0,0.0
A. Hackford,AFC Wimbledon,AFC Wimbledon,CF,CF,England League One 2025-26,22.0,500000,30/06/2027,no,959,34.03,10.64,32.93,33.54,41.45,20.9,0.19,0.17,30.77,2.63,0.19,0.01,0.09,45.45,1.03,0.09,26.15,6.1,0.0,65.0,2.72,1.88,0.0,0.0,0.0,0.0
G. Garner,Newport County,Newport County,CF,"CF, LCMF, AMF",England League Two 2025-26,27.0,175000,30/06/2027,no,1380,28.86,34.77,24.47,29.74,32.96,20.73,0.13,0.12,38.1,2.15,0.39,0.06,0.39,27.78,1.17,0.07,22.41,3.78,0.07,45.45,3.39,3.59,0.0,0.0,0.0,0.07
J. Marquis,Shrewsbury Town,Shrewsbury Town,CF,"CF, AMF",England League Two 2025-26,33.0,150000,30/06/2026,no,2401,26.54,16.87,36.03,49.0,24.44,20.66,0.11,0.15,29.63,2.25,0.11,0.02,0.49,50.0,0.9,0.15,33.53,6.48,0.07,47.62,2.77,2.36,0.0,0.0,0.0,0.0
M. O'Mahony,Reading,Reading,CF,CF,England League One 2025-26,21.0,0,,yes,590,38.42,19.69,0.0,45.4,51.68,20.12,0.0,0.26,40.0,2.75,0.15,0.03,0.46,0.0,0.15,0.0,27.5,12.2,0.0,59.09,4.12,3.36,0.0,0.0,0.0,0.0
K. Adom,Burton Albion,Burton Albion,CF,"CF, RWF",England League One 2025-26,24.0,0,30/06/2027,no,486,19.94,14.3,57.6,20.45,47.29,19.74,0.0,0.18,12.5,2.78,0.19,0.02,0.19,55.56,1.67,0.56,19.05,3.89,0.0,52.94,4.81,3.15,0.0,0.0,0.0,0.0
J. Hugill,Rotherham United,Rotherham United,CF,CF,England League One 2025-26,33.0,400000,30/06/2026,no,1716,29.56,15.23,12.7,57.3,31.31,17.03,0.05,0.2,29.63,2.52,0.1,0.04,0.31,18.18,0.58,0.0,33.95,14.21,0.0,60.71,2.26,1.47,0.0,0.0,0.0,0.0
E. Adeyemo,Crawley Town,Crawley Town,CF,CF,England League Two 2025-26,21.0,0,,yes,518,28.06,5.23,23.13,45.13,53.0,16.87,0.17,0.22,22.22,2.08,0.0,0.0,0.35,28.57,1.22,0.0,30.36,9.73,0.0,64.71,3.65,2.95,0.0,0.0,0.0,0.0
C. Stockton,Salford City,Salford City,CF,CF,England League Two 2025-26,32.0,200000,30/06/2026,no,1463,31.3,38.53,14.51,29.49,14.61,16.66,0.18,0.22,25.0,2.28,0.31,0.09,0.55,22.22,0.55,0.0,26.32,3.51,0.0,50.0,1.78,1.23,0.0,0.0,0.0,0.0
I. Cameron,Raith Rovers,Barrow,CF,CF,England League Two 2025-26,25.0,225000,31/05/2026,yes,521,28.02,9.01,21.08,61.25,3.14,12.83,0.0,0.13,22.22,3.63,0.0,0.0,0.52,20.0,0.86,0.17,31.19,18.83,0.0,30.77,2.59,2.25,0.0,0.0,0.0,0.0
K. Hemmings,Barrow,Barrow,CF,CF,England League Two 2025-26,33.0,100000,30/06/2026,no,681,7.24,10.67,38.51,58.84,7.31,6.7,0.0,0.07,16.67,1.72,0.0,0.01,0.53,50.0,0.79,0.26,34.86,14.41,0.0,37.5,2.11,2.11,0.0,0.0,0.0,0.0
L. Moult,Crewe Alexandra,Crewe Alexandra,CF,"CF, AMF",England League Two 2025-26,33.0,150000,30/06/2026,no,466,29.28,10.35,0.32,39.21,5.87,1.15,0.19,0.18,33.33,1.74,0.0,0.0,0.58,0.0,0.19,0.0,26.0,9.66,0.0,40.0,1.55,1.93,0.19,0.19,0.0,0.0
E. Kachunga,Cambridge United,Cambridge United,CF,"CF, AMF",England League Two 2025-26,33.0,150000,30/06/2026,no,649,0.0,10.63,30.73,37.24,43.56,0.0,0.0,0.11,0.0,1.53,0.14,0.02,0.14,50.0,0.28,0.14,23.08,10.82,0.0,58.33,2.91,3.33,0.0,0.0,0.0,0.0
